episode_id,seat,day,opening_money,cash_delta,verified_transitions,mismatched_transitions,closing_money,max_hands,max_quadrants,max_weeds,max_cow,max_sheep,max_goose,max_plants_STRAWBERRY,max_plants_CARROT,BUY_ANIMAL_COW_units,BUY_ANIMAL_COW_value,BUY_PRODUCT_WHEAT_units,BUY_PRODUCT_WHEAT_value,SELL_WHEAT_units,SELL_WHEAT_value,HIRE__units,HIRE__value,BUY_ANIMAL_SHEEP_units,BUY_ANIMAL_SHEEP_value,BUY_SEED_MELON_units,BUY_SEED_MELON_value,BUY_SEED_WHEAT_units,BUY_SEED_WHEAT_value,SELL_FERTILIZER_units,SELL_FERTILIZER_value,BUY_SEED_STRAWBERRY_units,BUY_SEED_STRAWBERRY_value,SELL_WOOL_units,SELL_WOOL_value,BUY_LAND__units,BUY_LAND__value,BUY_PRODUCT_FERTILIZER_units,BUY_PRODUCT_FERTILIZER_value,SELL_MILK_units,SELL_MILK_value,SELL_MELON_units,SELL_MELON_value,BUY_ANIMAL_GOOSE_units,BUY_ANIMAL_GOOSE_value,SELL_STRAWBERRY_units,SELL_STRAWBERRY_value,SELL_EGG_units,SELL_EGG_value,BUY_SEED_TOMATO_units,BUY_SEED_TOMATO_value,BUY_SEED_CARROT_units,BUY_SEED_CARROT_value,SELL_TOMATO_units,SELL_TOMATO_value,SELL_CARROT_units,SELL_CARROT_value
110380424,0,0,3000.0,-2995.0,24,0,5.0,4,1,0,2,3,0,0,0,2,800,9,251,5,143,4,7.0,3,1500,6,480,10,100,,,,,,,,,,,,,,,,,,,,,,,,,,,,
110380424,1,0,3000.0,-2978.0,24,0,22.0,5,1,0,2,2,0,0,0,2,800,37,1086,32,950,5,12.0,2,1000,12,960,7,70,,,,,,,,,,,,,,,,,,,,,,,,,,,,
110380424,0,1,5.0,55.0,24,0,60.0,4,1,0,2,3,0,0,0,,,4,115,,,4,7.0,,,4,320,,,5,497,,,,,,,,,,,,,,,,,,,,,,,,,,
110380424,1,1,22.0,59.0,24,0,81.0,3,1,0,2,2,0,0,0,,,8,235,,,3,4.0,,,,,,,3,298,,,,,,,,,,,,,,,,,,,,,,,,,,
110380424,0,2,60.0,-41.0,24,0,19.0,6,1,0,2,3,0,2,0,,,5,150,,,6,20.0,,,2,160,,,5,489,2,200,,,,,,,,,,,,,,,,,,,,,,,,
110380424,1,2,81.0,109.0,24,0,190.0,4,1,0,3,2,0,0,0,1,400,,,2,60,4,7.0,,,,,3,30,5,486,,,,,,,,,,,,,,,,,,,,,,,,,,
110380424,0,3,19.0,150.0,24,0,169.0,6,1,0,2,3,0,5,0,,,,,3,90,6,20.0,,,,,,,5,480,4,400,,,,,,,,,,,,,,,,,,,,,,,,
110380424,1,3,190.0,78.0,24,0,268.0,5,1,0,3,2,0,0,0,1,400,,,5,150,5,12.0,,,,,4,40,4,380,,,,,,,,,,,,,,,,,,,,,,,,,,
110380424,0,4,169.0,179.0,24,0,348.0,6,1,0,2,3,0,8,0,,,,,1,29,6,20.0,,,,,,,5,470,3,300,,,,,,,,,,,,,,,,,,,,,,,,
110380424,1,4,268.0,403.0,24,0,671.0,4,1,0,4,2,0,0,0,,,6,178,2,58,4,7.0,,,,,3,30,6,560,,,,,,,,,,,,,,,,,,,,,,,,,,
110380424,0,5,348.0,499.0,24,0,847.0,6,1,0,2,3,0,8,0,,,,,2,60,6,20.0,,,,,,,5,459,,,,,,,,,,,,,,,,,,,,,,,,,,
110380424,1,5,671.0,109.0,24,0,780.0,4,1,0,4,2,0,4,0,,,,,2,60,4,7.0,,,,,,,5,456,4,400,,,,,,,,,,,,,,,,,,,,,,,,
110380424,0,6,847.0,-759.0,24,0,88.0,8,2,0,8,3,0,20,0,6,2400,4,119,4,118,8,54.0,,,,,2,20,4,358,12,1200,18,3558,1,1000.0,,,,,,,,,,,,,,,,,,,,
110380424,1,6,780.0,175.0,24,0,955.0,7,2,0,6,2,0,12,0,2,800,12,361,9,272,7,33.0,,,,,5,50,9,805,8,800,12,2322,1,1000.0,2,180,,,,,,,,,,,,,,,,,,
110380424,0,7,88.0,135.0,24,0,223.0,9,2,0,8,3,0,24,0,,,14,430,,,9,88.0,,,,,,,11,953,3,300,,,,,,,,,,,,,,,,,,,,,,,,
110380424,1,7,955.0,-584.0,24,0,371.0,7,2,0,8,2,0,16,0,2,800,,,,,7,33.0,,,,,4,40,9,776,4,400,,,,,1,87,,,,,,,,,,,,,,,,,,
110380424,0,8,223.0,2059.0,24,0,2282.0,9,2,0,9,3,0,26,0,1,400,23,746,,,9,88.0,,,,,1,10,11,907,2,200,,,,,,,12,2596,,,,,,,,,,,,,,,,
110380424,1,8,371.0,1168.0,24,0,1539.0,8,2,0,8,4,0,20,0,,,23,771,2,68,8,54.0,2,1000,,,1,10,10,827,4,400,,,,,1,84,12,2592,,,,,,,,,,,,,,,,
110380424,0,9,2282.0,-665.0,24,0,1617.0,10,3,0,11,3,0,26,0,2,800,3,105,,,10,143.0,,,,,17,170,8,629,,,12,1924,1,2000.0,,,,,,,,,,,,,,,,,,,,
110380424,1,9,1539.0,500.0,24,0,2039.0,8,2,0,9,4,0,20,0,1,400,18,628,2,72,8,54.0,1,500,,,4,40,14,1097,,,8,1033,,,1,80,,,,,,,,,,,,,,,,,,
110380424,0,10,1617.0,6518.0,24,0,8135.0,11,3,0,11,3,0,29,0,,,75,2817,26,1017,11,232.0,,,,,10,100,11,825,4,400,,,,,,,6,1348,30,6877,,,,,,,,,,,,,,
110380424,1,10,2039.0,15294.0,24,0,17333.0,11,2,0,9,5,2,20,0,,,23,879,3,117,11,232.0,,,,,7,70,9,680,,,,,,,8,604,12,2668,60,14214,2,600,,,,,,,,,,,,
110380424,0,11,8135.0,3025.0,24,0,11160.0,11,3,0,11,3,0,31,0,,,,,8,312,11,232.0,,,,,10,100,8,579,1,100,,,,,,,,,16,2566,,,,,,,,,,,,,,
110380424,1,11,17333.0,-12.0,24,0,17321.0,10,3,0,9,5,3,33,0,,,21,819,9,351,10,143.0,,,,,11,110,14,1000,13,1300,,,1,2000.0,1,70,6,1327,12,2052,1,300,,,,,,,,,,,,
110380424,0,12,11160.0,2325.0,24,0,13485.0,11,3,0,11,3,0,33,0,,,,,9,351,11,232.0,,,,,7,70,17,1127,3,300,6,544,,,,,4,905,,,,,,,,,,,,,,,,
110380424,1,12,17321.0,3334.0,24,0,20655.0,9,3,0,9,5,3,33,0,,,,,9,351,9,88.0,,,,,8,80,16,1067,,,8,725,,,,,6,1359,,,,,,,,,,,,,,,,
110380424,0,13,13485.0,2265.0,24,0,15750.0,11,3,0,11,3,0,34,0,,,,,7,273,11,232.0,,,,,14,140,5,311,1,100,,,,,,,1,230,8,1076,,,4,847,,,,,,,,,,
110380424,1,13,20655.0,2979.0,24,0,23634.0,9,3,0,9,5,3,33,0,,,,,19,735,9,88.0,,,,,6,60,17,1030,,,,,,,,,6,1362,,,,,,,,,,,,,,,,
110380424,0,14,15750.0,8317.0,24,0,24067.0,11,3,0,11,3,0,34,0,,,,,18,685,11,232.0,,,,,8,80,10,577,,,,,,,,,32,6931,,,,,2,436,,,,,,,,,,
110380424,1,14,23634.0,4132.0,24,0,27766.0,9,3,0,9,5,3,33,0,,,1,38,,,9,88.0,,,,,7,70,15,832,,,12,336,,,3,166,15,3326,,,,,,,,,,,,,,,,
110380424,0,15,24067.0,4166.0,24,0,28233.0,11,3,0,12,3,0,34,0,1,400,,,19,723,11,232.0,,,,,9,90,6,322,1,100,3,7,,,,,4,810,,,,,14,3126,,,,,,,,,,
110380424,1,15,27766.0,7122.0,24,0,34888.0,10,3,0,9,5,3,33,0,,,,,7,266,10,143.0,,,,,8,80,16,831,,,,,,,4,208,21,4236,,,,,8,1796,8,424,,,,,,,,
110380424,0,16,28233.0,9827.0,24,0,38060.0,11,3,0,12,3,0,34,0,,,,,18,684,11,232.0,,,,,5,50,2,101,,,,,,,,,33,5566,,,,,17,3758,,,,,,,,,,
110380424,1,16,34888.0,6219.0,24,0,41107.0,11,3,0,9,5,3,33,0,,,,,6,228,11,232.0,,,,,8,80,11,542,,,14,18,,,1,49,12,1892,,,,,16,3576,6,324,,,,,,,,
110380424,0,17,38060.0,7033.0,24,0,45093.0,11,3,0,12,3,0,35,0,,,,,9,342,11,232.0,,,,,8,80,5,239,,,,,,,,,11,1422,,,,,25,5392,,,1,50,,,,,,
110380424,1,17,41107.0,4484.0,24,0,45591.0,11,3,0,9,5,3,33,0,,,,,7,266,11,232.0,,,,,7,70,10,463,,,,,,,,,3,379,,,,,16,3408,5,270,,,,,,,,
110380424,0,18,45093.0,8332.0,24,0,53425.0,11,3,0,12,3,0,35,0,,,,,17,646,11,232.0,,,,,6,60,4,177,,,,,,,,,22,2172,,,,,28,5779,,,3,150,,,,,,
110380424,1,18,45591.0,5772.0,24,0,51363.0,11,3,0,9,5,3,33,0,,,,,9,342,11,232.0,,,,,7,70,14,606,,,3,17,,,1,42,15,1536,,,,,16,3285,6,330,,,,,,,,
110380424,0,19,53425.0,5451.0,24,0,58876.0,11,3,1,12,3,0,33,0,,,,,14,533,11,232.0,,,,,11,110,4,166,,,,,,,,,9,467,1,138,,,23,4489,,,,,,,,,,
110380424,1,19,51363.0,5062.0,24,0,56425.0,10,3,0,9,5,3,33,0,,,,,3,114,10,143.0,,,,,6,60,9,362,,,1,5,,,,,18,1086,,,,,18,3474,4,224,,,,,,,,
110380424,0,20,58876.0,5712.0,24,0,64588.0,11,3,0,12,3,0,30,0,,,,,18,684,11,232.0,,,,,11,110,2,78,,,,,,,,,24,768,1,138,,,24,4386,,,,,,,,,,
110380424,1,20,56425.0,4899.0,24,0,61324.0,11,3,0,9,5,3,33,0,,,,,6,228,11,232.0,,,,,6,60,6,236,,,3,7,,,5,197,12,208,,,,,24,4369,6,340,,,,,,,,
110380424,0,21,64588.0,5712.0,24,0,70300.0,11,3,1,12,3,0,27,0,,,,,12,463,11,232.0,,,,,8,80,3,108,,,1,5,,,,,11,141,3,407,,,30,4900,,,,,,,,,,
110380424,1,21,61324.0,5577.0,24,0,66901.0,11,3,0,9,5,3,33,0,,,,,12,460,11,232.0,,,,,11,110,13,486,,,4,4,,,,,6,48,,,,,30,4579,6,342,,,,,,,,
110380424,0,22,70300.0,3863.0,24,0,74163.0,11,3,1,12,3,0,27,0,,,,,32,1236,11,232.0,,,,,10,100,7,225,,,3,7,,,,,14,86,13,1558,,,9,1083,,,,,,,,,,
110380424,1,22,66901.0,3746.0,24,0,70647.0,10,3,1,9,5,3,27,0,,,,,23,876,10,143.0,,,,,8,80,19,650,,,4,4,,,4,143,14,76,,,,,22,2506,,,,,,,,,,
110380424,0,23,74163.0,1546.0,24,0,75709.0,11,3,6,12,3,0,20,0,,,,,12,456,11,232.0,,,,,13,130,2,62,,,4,8,,,,,18,80,,,,,13,1302,,,,,,,,,,
110380424,1,23,70647.0,3431.0,24,0,74078.0,10,3,7,9,5,3,27,0,,,,,16,608,10,143.0,,,,,14,140,20,578,,,1,1,,,4,112,15,41,,,,,21,2131,8,467,,,,,,,,
110380424,0,24,75709.0,2124.0,24,0,77833.0,11,3,3,12,3,0,13,0,,,,,33,1250,11,232.0,,,,,19,190,5,135,,,3,7,,,,,24,391,,,,,9,763,,,,,,,,,,
110380424,1,24,74078.0,2530.0,24,0,76608.0,11,3,3,9,5,3,20,4,,,,,15,567,11,232.0,,,,,9,90,9,232,,,6,10,,,10,259,6,32,,,,,22,1994,6,356,,,4,80,,,,
110380424,0,25,77833.0,1606.0,24,0,79439.0,11,3,2,12,3,0,10,0,,,,,19,712,11,232.0,,,,,14,140,4,105,,,2,2,,,,,19,213,,,,,10,946,,,,,,,,,,
110380424,1,25,76608.0,2517.0,24,0,79125.0,11,3,4,9,5,3,17,18,,,,,37,1377,11,232.0,,,,,,,18,440,,,,,,,7,167,14,135,,,,,11,1004,4,240,,,14,280,,,,
110380424,0,26,79439.0,3220.0,24,0,82659.0,11,3,2,12,3,0,9,6,,,,,35,1256,11,232.0,,,,,15,150,8,177,,,1,5,,,,,20,318,,,,,19,1966,,,,,6,120,,,,
110380424,1,26,79125.0,3026.0,24,0,82151.0,11,3,0,9,5,3,13,29,,,,,27,951,11,232.0,,,,,1,10,15,333,,,2,2,,,9,197,6,116,,,,,21,1917,6,366,,,11,220,,,,
110380424,0,27,82659.0,3328.0,24,0,85987.0,11,3,1,12,3,0,6,6,,,,,58,1975,11,232.0,,,,,8,80,2,35,,,1,1,,,,,13,275,,,,,8,744,,,,,,,8,610,,
110380424,1,27,82151.0,2368.0,24,0,84519.0,10,3,0,9,5,3,13,29,,,,,43,1424,10,143.0,,,,,8,80,20,380,,,4,8,,,2,36,11,202,,,,,6,529,2,124,,,2,40,,,,
110380424,0,28,85987.0,3875.0,24,0,89862.0,10,3,2,12,0,0,5,6,,,,,52,1526,10,143.0,,,,,,,7,104,,,1,1,,,,,26,268,,,,,16,1564,,,,,,,6,468,2,87
110380424,1,28,84519.0,3965.0,24,0,88484.0,11,3,4,9,5,3,4,24,,,,,34,958,11,232.0,,,,,,,15,220,,,3,7,,,,,14,119,,,,,20,1710,4,256,,,,,,,21,927
110380424,0,29,89862.0,5315.0,23,0,95177.0,10,3,4,12,0,0,4,4,,,,,113,2410,10,143.0,,,,,,,13,128,,,4,4,,,,,13,285,,,,,17,1382,,,,,,,9,706,14,543
110380424,1,29,88484.0,5077.0,23,0,93561.0,11,3,0,9,5,3,0,12,,,,,63,1362,11,232.0,,,,,,,13,139,,,5,9,,,2,25,12,196,,,,,,,12,768,,,,,,,70,2860
