episode_id,seat,step,day,operation,item,units,value,cash_verified
110380424,0,0,0,BUY_ANIMAL,COW,1,400,True
110380424,0,0,0,BUY_PRODUCT,WHEAT,5,139,True
110380424,1,0,0,BUY_PRODUCT,WHEAT,7,188,True
110380424,1,0,0,SELL,WHEAT,2,55,True
110380424,0,1,0,SELL,WHEAT,1,28,True
110380424,0,1,0,HIRE,,4,7.0,True
110380424,0,1,0,BUY_ANIMAL,COW,1,400,True
110380424,0,1,0,BUY_ANIMAL,SHEEP,3,1500,True
110380424,1,1,0,BUY_PRODUCT,WHEAT,30,898,True
110380424,1,1,0,HIRE,,5,12.0,True
110380424,1,1,0,BUY_ANIMAL,COW,2,800,True
110380424,1,1,0,BUY_ANIMAL,SHEEP,2,1000,True
110380424,0,2,0,SELL,WHEAT,1,31,True
110380424,1,2,0,SELL,WHEAT,30,895,True
110380424,0,3,0,SELL,WHEAT,1,28,True
110380424,0,3,0,BUY_PRODUCT,WHEAT,1,28,True
110380424,0,4,0,BUY_PRODUCT,WHEAT,1,28,True
110380424,0,5,0,SELL,WHEAT,1,28,True
110380424,0,5,0,BUY_PRODUCT,WHEAT,1,28,True
110380424,0,6,0,BUY_SEED,MELON,2,160,True
110380424,0,6,0,BUY_PRODUCT,WHEAT,1,28,True
110380424,1,6,0,BUY_SEED,MELON,2,160,True
110380424,1,7,0,BUY_SEED,MELON,1,80,True
110380424,0,8,0,BUY_SEED,MELON,2,160,True
110380424,1,9,0,BUY_SEED,MELON,1,80,True
110380424,1,10,0,BUY_SEED,MELON,2,160,True
110380424,0,11,0,BUY_SEED,MELON,2,160,True
110380424,1,11,0,BUY_SEED,MELON,1,80,True
110380424,1,12,0,BUY_SEED,WHEAT,1,10,True
110380424,0,13,0,BUY_SEED,WHEAT,2,20,True
110380424,1,13,0,BUY_SEED,WHEAT,1,10,True
110380424,0,14,0,BUY_SEED,WHEAT,1,10,True
110380424,1,14,0,BUY_SEED,MELON,3,240,True
110380424,0,15,0,BUY_SEED,WHEAT,1,10,True
110380424,1,15,0,BUY_SEED,WHEAT,1,10,True
110380424,0,16,0,BUY_SEED,WHEAT,1,10,True
110380424,1,16,0,BUY_SEED,WHEAT,1,10,True
110380424,0,17,0,SELL,WHEAT,1,28,True
110380424,0,17,0,BUY_SEED,WHEAT,1,10,True
110380424,1,17,0,BUY_SEED,MELON,2,160,True
110380424,0,18,0,BUY_SEED,WHEAT,1,10,True
110380424,0,19,0,BUY_SEED,WHEAT,1,10,True
110380424,1,19,0,BUY_SEED,WHEAT,1,10,True
110380424,0,20,0,BUY_SEED,WHEAT,1,10,True
110380424,1,20,0,BUY_SEED,WHEAT,2,20,True
110380424,0,21,0,BUY_SEED,WHEAT,1,10,True
110380424,0,24,1,HIRE,,3,4.0,True
110380424,1,24,1,HIRE,,3,4.0,True
110380424,0,26,1,SELL,FERTILIZER,1,100,True
110380424,0,26,1,HIRE,,1,3.0,True
110380424,0,26,1,BUY_PRODUCT,WHEAT,2,57,True
110380424,0,30,1,SELL,FERTILIZER,1,100,True
110380424,0,30,1,BUY_PRODUCT,WHEAT,2,58,True
110380424,1,30,1,SELL,FERTILIZER,1,100,True
110380424,1,30,1,BUY_PRODUCT,WHEAT,3,87,True
110380424,0,31,1,SELL,FERTILIZER,1,99,True
110380424,1,31,1,BUY_PRODUCT,WHEAT,1,29,True
110380424,0,32,1,SELL,FERTILIZER,1,99,True
110380424,0,32,1,BUY_SEED,MELON,2,160,True
110380424,1,32,1,SELL,FERTILIZER,2,198,True
110380424,0,33,1,SELL,FERTILIZER,1,99,True
110380424,1,33,1,BUY_PRODUCT,WHEAT,1,29,True
110380424,0,35,1,BUY_SEED,MELON,2,160,True
110380424,1,35,1,BUY_PRODUCT,WHEAT,1,30,True
110380424,1,37,1,BUY_PRODUCT,WHEAT,1,30,True
110380424,1,39,1,BUY_PRODUCT,WHEAT,1,30,True
110380424,0,48,2,HIRE,,6,20.0,True
110380424,0,48,2,BUY_PRODUCT,WHEAT,1,30,True
110380424,1,48,2,SELL,FERTILIZER,1,98,True
110380424,1,48,2,HIRE,,4,7.0,True
110380424,0,50,2,SELL,FERTILIZER,1,98,True
110380424,1,50,2,SELL,WHEAT,2,60,True
110380424,0,53,2,SELL,FERTILIZER,1,98,True
110380424,0,53,2,BUY_PRODUCT,WHEAT,2,60,True
110380424,0,54,2,SELL,FERTILIZER,1,98,True
110380424,0,55,2,BUY_PRODUCT,WHEAT,2,60,True
110380424,0,56,2,SELL,FERTILIZER,1,98,True
110380424,0,57,2,BUY_SEED,MELON,1,80,True
110380424,0,58,2,BUY_SEED,MELON,1,80,True
110380424,0,59,2,SELL,FERTILIZER,1,97,True
110380424,0,60,2,BUY_SEED,STRAWBERRY,2,200,True
110380424,1,60,2,BUY_SEED,WHEAT,1,10,True
110380424,1,62,2,BUY_SEED,WHEAT,1,10,True
110380424,1,65,2,SELL,FERTILIZER,4,388,True
110380424,1,65,2,BUY_ANIMAL,COW,1,400,True
110380424,1,65,2,BUY_SEED,WHEAT,1,10,True
110380424,0,72,3,SELL,WHEAT,3,90,True
110380424,0,72,3,HIRE,,6,20.0,True
110380424,1,72,3,HIRE,,5,12.0,True
110380424,0,74,3,SELL,FERTILIZER,1,96,True
110380424,1,74,3,SELL,WHEAT,1,30,True
110380424,0,77,3,SELL,FERTILIZER,1,96,True
110380424,0,78,3,SELL,FERTILIZER,1,96,True
110380424,1,79,3,BUY_SEED,WHEAT,1,10,True
110380424,0,80,3,SELL,FERTILIZER,1,96,True
110380424,1,80,3,SELL,WHEAT,3,90,True
110380424,1,81,3,BUY_SEED,WHEAT,2,20,True
110380424,0,83,3,SELL,FERTILIZER,1,96,True
110380424,0,83,3,BUY_SEED,STRAWBERRY,1,100,True
110380424,1,84,3,BUY_SEED,WHEAT,1,10,True
110380424,0,85,3,BUY_SEED,STRAWBERRY,1,100,True
110380424,0,86,3,BUY_SEED,STRAWBERRY,1,100,True
110380424,1,88,3,SELL,FERTILIZER,3,285,True
110380424,1,88,3,BUY_ANIMAL,COW,1,400,True
110380424,0,89,3,BUY_SEED,STRAWBERRY,1,100,True
110380424,1,90,3,SELL,FERTILIZER,1,95,True
110380424,1,93,3,SELL,WHEAT,1,30,True
110380424,0,96,4,SELL,WHEAT,1,29,True
110380424,0,96,4,HIRE,,6,20.0,True
110380424,1,96,4,HIRE,,4,7.0,True
110380424,1,96,4,SELL,FERTILIZER,1,95,True
110380424,0,98,4,SELL,FERTILIZER,1,94,True
110380424,1,100,4,SELL,WHEAT,2,58,True
110380424,0,101,4,SELL,FERTILIZER,1,94,True
110380424,0,102,4,SELL,FERTILIZER,1,94,True
110380424,0,104,4,SELL,FERTILIZER,1,94,True
110380424,1,105,4,BUY_SEED,WHEAT,1,10,True
110380424,0,106,4,SELL,FERTILIZER,1,94,True
110380424,0,106,4,BUY_SEED,STRAWBERRY,1,100,True
110380424,1,106,4,BUY_SEED,WHEAT,1,10,True
110380424,1,108,4,BUY_PRODUCT,WHEAT,1,29,True
110380424,0,110,4,BUY_SEED,STRAWBERRY,1,100,True
110380424,1,110,4,BUY_PRODUCT,WHEAT,1,29,True
110380424,1,110,4,BUY_SEED,WHEAT,1,10,True
110380424,1,111,4,SELL,FERTILIZER,1,93,True
110380424,1,112,4,BUY_PRODUCT,WHEAT,1,30,True
110380424,0,113,4,BUY_SEED,STRAWBERRY,1,100,True
110380424,1,114,4,BUY_PRODUCT,WHEAT,1,30,True
110380424,1,116,4,BUY_PRODUCT,WHEAT,1,30,True
110380424,1,118,4,SELL,FERTILIZER,4,372,True
110380424,1,118,4,BUY_PRODUCT,WHEAT,1,30,True
110380424,0,120,5,SELL,WHEAT,2,60,True
110380424,0,120,5,HIRE,,6,20.0,True
110380424,1,120,5,HIRE,,3,4.0,True
110380424,1,120,5,SELL,FERTILIZER,1,92,True
110380424,1,121,5,HIRE,,1,3.0,True
110380424,0,122,5,SELL,FERTILIZER,1,92,True
110380424,1,122,5,SELL,WHEAT,2,60,True
110380424,0,125,5,SELL,FERTILIZER,1,92,True
110380424,0,126,5,SELL,FERTILIZER,1,92,True
110380424,0,128,5,SELL,FERTILIZER,1,92,True
110380424,0,130,5,SELL,FERTILIZER,1,91,True
110380424,1,130,5,BUY_SEED,STRAWBERRY,2,200,True
110380424,1,134,5,SELL,FERTILIZER,1,91,True
110380424,1,135,5,BUY_SEED,STRAWBERRY,1,100,True
110380424,1,136,5,BUY_SEED,STRAWBERRY,1,100,True
110380424,1,141,5,SELL,FERTILIZER,3,273,True
110380424,0,144,6,SELL,WHEAT,2,59,True
110380424,0,144,6,HIRE,,8,54.0,True
110380424,0,144,6,BUY_PRODUCT,WHEAT,1,29,True
110380424,1,144,6,SELL,FERTILIZER,2,180,True
110380424,1,144,6,HIRE,,7,33.0,True
110380424,0,145,6,SELL,WHEAT,2,59,True
110380424,0,147,6,SELL,WOOL,2,435,True
110380424,0,148,6,SELL,WOOL,4,850,True
110380424,0,149,6,SELL,WOOL,2,406,True
110380424,0,149,6,BUY_LAND,,1,1000.0,True
110380424,1,149,6,SELL,WOOL,6,1201,True
110380424,0,150,6,SELL,WOOL,6,1147,True
110380424,0,150,6,BUY_ANIMAL,COW,1,400,True
110380424,0,150,6,BUY_PRODUCT,WHEAT,3,90,True
110380424,1,150,6,SELL,WOOL,4,775,True
110380424,1,150,6,BUY_PRODUCT,WHEAT,2,59,True
110380424,1,150,6,BUY_PRODUCT,FERTILIZER,1,90,True
110380424,1,150,6,BUY_LAND,,1,1000.0,True
110380424,1,150,6,BUY_ANIMAL,COW,2,800,True
110380424,0,151,6,SELL,WOOL,4,720,True
110380424,0,151,6,SELL,FERTILIZER,3,270,True
110380424,1,151,6,SELL,FERTILIZER,1,90,True
110380424,1,151,6,BUY_PRODUCT,FERTILIZER,1,90,True
110380424,0,152,6,BUY_ANIMAL,COW,1,400,True
110380424,1,152,6,SELL,FERTILIZER,1,90,True
110380424,1,152,6,BUY_PRODUCT,WHEAT,2,60,True
110380424,0,153,6,BUY_SEED,STRAWBERRY,1,100,True
110380424,1,153,6,SELL,FERTILIZER,3,267,True
110380424,0,154,6,BUY_ANIMAL,COW,1,400,True
110380424,0,154,6,BUY_SEED,WHEAT,1,10,True
110380424,0,154,6,BUY_SEED,STRAWBERRY,1,100,True
110380424,1,154,6,SELL,FERTILIZER,2,178,True
110380424,1,154,6,BUY_SEED,WHEAT,1,10,True
110380424,0,155,6,SELL,FERTILIZER,1,88,True
110380424,0,156,6,BUY_ANIMAL,COW,1,400,True
110380424,0,156,6,BUY_SEED,STRAWBERRY,1,100,True
110380424,1,156,6,BUY_PRODUCT,WHEAT,3,90,True
110380424,1,156,6,BUY_SEED,STRAWBERRY,2,200,True
110380424,0,157,6,BUY_SEED,STRAWBERRY,1,100,True
110380424,0,158,6,BUY_ANIMAL,COW,1,400,True
110380424,0,158,6,BUY_SEED,STRAWBERRY,1,100,True
110380424,1,158,6,BUY_PRODUCT,WHEAT,3,92,True
110380424,0,159,6,BUY_SEED,STRAWBERRY,1,100,True
110380424,1,159,6,BUY_SEED,STRAWBERRY,1,100,True
110380424,1,159,6,BUY_SEED,WHEAT,2,20,True
110380424,0,160,6,BUY_ANIMAL,COW,1,400,True
110380424,0,160,6,BUY_SEED,STRAWBERRY,1,100,True
110380424,0,161,6,BUY_SEED,STRAWBERRY,1,100,True
110380424,0,162,6,BUY_SEED,STRAWBERRY,1,100,True
110380424,1,162,6,BUY_SEED,STRAWBERRY,3,300,True
110380424,1,162,6,BUY_SEED,WHEAT,1,10,True
110380424,0,163,6,BUY_SEED,WHEAT,1,10,True
110380424,0,163,6,BUY_SEED,STRAWBERRY,1,100,True
110380424,0,164,6,BUY_SEED,STRAWBERRY,1,100,True
110380424,1,164,6,SELL,WHEAT,9,272,True
110380424,0,165,6,BUY_SEED,STRAWBERRY,1,100,True
110380424,1,165,6,BUY_SEED,STRAWBERRY,2,200,True
110380424,1,165,6,BUY_SEED,WHEAT,1,10,True
110380424,1,166,6,SELL,WOOL,2,346,True
110380424,1,167,6,BUY_PRODUCT,WHEAT,2,60,True
110380424,0,168,7,SELL,FERTILIZER,1,88,True
110380424,0,168,7,HIRE,,8,54.0,True
110380424,1,168,7,SELL,FERTILIZER,1,88,True
110380424,1,168,7,HIRE,,6,20.0,True
110380424,0,169,7,HIRE,,1,34.0,True
110380424,1,169,7,HIRE,,1,13.0,True
110380424,1,169,7,BUY_ANIMAL,COW,1,400,True
110380424,0,170,7,SELL,FERTILIZER,1,88,True
110380424,0,170,7,BUY_PRODUCT,WHEAT,5,151,True
110380424,0,171,7,SELL,FERTILIZER,1,88,True
110380424,0,173,7,SELL,FERTILIZER,1,87,True
110380424,0,173,7,BUY_PRODUCT,WHEAT,3,93,True
110380424,1,173,7,SELL,FERTILIZER,2,174,True
110380424,0,174,7,SELL,FERTILIZER,3,261,True
110380424,1,174,7,BUY_PRODUCT,FERTILIZER,1,87,True
110380424,1,174,7,SELL,FERTILIZER,1,86,True
110380424,0,175,7,BUY_PRODUCT,WHEAT,3,93,True
110380424,1,175,7,SELL,FERTILIZER,2,172,True
110380424,1,176,7,BUY_ANIMAL,COW,1,400,True
110380424,1,177,7,SELL,FERTILIZER,1,86,True
110380424,0,178,7,SELL,FERTILIZER,1,86,True
110380424,1,178,7,BUY_SEED,STRAWBERRY,1,100,True
110380424,0,179,7,SELL,FERTILIZER,1,85,True
110380424,0,179,7,BUY_SEED,STRAWBERRY,1,100,True
110380424,0,179,7,BUY_PRODUCT,WHEAT,3,93,True
110380424,0,180,7,BUY_SEED,STRAWBERRY,1,100,True
110380424,1,180,7,BUY_SEED,STRAWBERRY,1,100,True
110380424,1,180,7,BUY_SEED,WHEAT,1,10,True
110380424,0,181,7,SELL,FERTILIZER,1,85,True
110380424,0,181,7,BUY_SEED,STRAWBERRY,1,100,True
110380424,1,181,7,SELL,FERTILIZER,2,170,True
110380424,1,183,7,BUY_SEED,STRAWBERRY,1,100,True
110380424,1,183,7,BUY_SEED,WHEAT,1,10,True
110380424,1,184,7,BUY_SEED,STRAWBERRY,1,100,True
110380424,0,185,7,SELL,FERTILIZER,1,85,True
110380424,1,186,7,BUY_SEED,WHEAT,1,10,True
110380424,1,189,7,BUY_SEED,WHEAT,1,10,True
110380424,0,192,8,SELL,FERTILIZER,1,84,True
110380424,0,192,8,HIRE,,8,54.0,True
110380424,1,192,8,SELL,FERTILIZER,1,84,True
110380424,1,192,8,HIRE,,8,54.0,True
110380424,0,193,8,SELL,MILK,3,668,True
110380424,0,193,8,HIRE,,1,34.0,True
110380424,0,193,8,BUY_PRODUCT,WHEAT,13,416,True
110380424,1,193,8,BUY_PRODUCT,WHEAT,2,63,True
110380424,0,194,8,SELL,MILK,3,662,True
110380424,0,194,8,BUY_PRODUCT,WHEAT,10,330,True
110380424,0,195,8,SELL,FERTILIZER,1,84,True
110380424,1,196,8,SELL,MILK,12,2592,True
110380424,1,196,8,BUY_PRODUCT,WHEAT,6,198,True
110380424,1,196,8,BUY_PRODUCT,FERTILIZER,1,84,True
110380424,1,196,8,BUY_ANIMAL,SHEEP,2,1000,True
110380424,1,197,8,SELL,FERTILIZER,3,252,True
110380424,0,198,8,SELL,MILK,3,636,True
110380424,0,198,8,BUY_SEED,STRAWBERRY,1,100,True
110380424,1,198,8,BUY_PRODUCT,WHEAT,3,102,True
110380424,0,199,8,SELL,MILK,3,630,True
110380424,0,199,8,BUY_ANIMAL,COW,1,400,True
110380424,0,200,8,SELL,FERTILIZER,1,83,True
110380424,1,200,8,SELL,FERTILIZER,1,83,True
110380424,1,200,8,BUY_PRODUCT,WHEAT,3,102,True
110380424,1,201,8,BUY_SEED,STRAWBERRY,1,100,True
110380424,0,202,8,SELL,FERTILIZER,2,166,True
110380424,1,202,8,BUY_PRODUCT,WHEAT,3,102,True
110380424,1,202,8,BUY_SEED,STRAWBERRY,1,100,True
110380424,0,203,8,BUY_SEED,WHEAT,1,10,True
110380424,0,203,8,BUY_SEED,STRAWBERRY,1,100,True
110380424,1,203,8,BUY_SEED,STRAWBERRY,1,100,True
110380424,1,204,8,BUY_PRODUCT,WHEAT,3,102,True
110380424,0,206,8,SELL,FERTILIZER,3,247,True
110380424,1,206,8,BUY_PRODUCT,WHEAT,3,102,True
110380424,1,207,8,SELL,FERTILIZER,2,164,True
110380424,1,208,8,BUY_SEED,STRAWBERRY,1,100,True
110380424,1,209,8,SELL,FERTILIZER,2,163,True
110380424,1,209,8,BUY_SEED,WHEAT,1,10,True
110380424,0,210,8,SELL,FERTILIZER,1,81,True
110380424,1,212,8,SELL,WHEAT,2,68,True
110380424,0,215,8,SELL,FERTILIZER,2,162,True
110380424,1,215,8,SELL,FERTILIZER,1,81,True
110380424,0,216,9,SELL,FERTILIZER,1,80,True
110380424,0,216,9,HIRE,,8,54.0,True
110380424,0,216,9,BUY_ANIMAL,COW,1,400,True
110380424,1,216,9,SELL,FERTILIZER,2,160,True
110380424,1,216,9,HIRE,,8,54.0,True
110380424,0,217,9,HIRE,,2,89.0,True
110380424,1,217,9,BUY_PRODUCT,FERTILIZER,1,80,True
110380424,1,217,9,BUY_ANIMAL,COW,1,400,True
110380424,1,218,9,SELL,FERTILIZER,1,80,True
110380424,1,218,9,BUY_PRODUCT,WHEAT,3,102,True
110380424,0,219,9,SELL,WOOL,3,523,True
110380424,0,219,9,BUY_LAND,,1,2000.0,True
110380424,0,220,9,SELL,WOOL,4,661,True
110380424,1,220,9,SELL,FERTILIZER,1,80,True
110380424,1,220,9,BUY_PRODUCT,WHEAT,3,105,True
110380424,0,221,9,SELL,WOOL,1,158,True
110380424,1,222,9,SELL,FERTILIZER,1,80,True
110380424,1,222,9,BUY_PRODUCT,WHEAT,3,105,True
110380424,0,223,9,SELL,WOOL,3,453,True
110380424,0,223,9,BUY_SEED,WHEAT,1,10,True
110380424,1,223,9,SELL,FERTILIZER,1,79,True
110380424,1,223,9,SELL,WOOL,4,555,True
110380424,0,224,9,SELL,WOOL,1,129,True
110380424,0,224,9,BUY_ANIMAL,COW,1,400,True
110380424,0,224,9,BUY_PRODUCT,WHEAT,3,105,True
110380424,1,224,9,SELL,WOOL,4,478,True
110380424,0,225,9,SELL,FERTILIZER,2,158,True
110380424,0,225,9,BUY_SEED,WHEAT,1,10,True
110380424,0,226,9,BUY_SEED,WHEAT,1,10,True
110380424,1,226,9,SELL,FERTILIZER,1,79,True
110380424,1,226,9,BUY_PRODUCT,WHEAT,3,105,True
110380424,1,226,9,BUY_ANIMAL,SHEEP,1,500,True
110380424,0,227,9,BUY_SEED,WHEAT,1,10,True
110380424,0,228,9,SELL,FERTILIZER,1,79,True
110380424,0,228,9,BUY_SEED,WHEAT,1,10,True
110380424,1,228,9,BUY_PRODUCT,WHEAT,3,105,True
110380424,0,229,9,BUY_SEED,WHEAT,1,10,True
110380424,0,230,9,BUY_SEED,WHEAT,1,10,True
110380424,1,230,9,BUY_PRODUCT,WHEAT,3,106,True
110380424,0,231,9,BUY_SEED,WHEAT,1,10,True
110380424,0,232,9,SELL,FERTILIZER,2,156,True
110380424,0,232,9,BUY_SEED,WHEAT,1,10,True
110380424,1,232,9,BUY_SEED,WHEAT,1,10,True
110380424,0,233,9,BUY_SEED,WHEAT,4,40,True
110380424,1,233,9,SELL,FERTILIZER,1,78,True
110380424,1,233,9,BUY_SEED,WHEAT,3,30,True
110380424,0,234,9,SELL,FERTILIZER,2,156,True
110380424,0,234,9,BUY_SEED,WHEAT,1,10,True
110380424,0,235,9,BUY_SEED,WHEAT,1,10,True
110380424,0,236,9,BUY_SEED,WHEAT,1,10,True
110380424,1,236,9,SELL,WHEAT,2,72,True
110380424,0,237,9,BUY_SEED,WHEAT,1,10,True
110380424,1,237,9,SELL,FERTILIZER,6,461,True
110380424,0,240,10,SELL,FERTILIZER,5,378,True
110380424,0,240,10,HIRE,,8,54.0,True
110380424,0,240,10,BUY_PRODUCT,WHEAT,9,324,True
110380424,1,240,10,SELL,FERTILIZER,1,76,True
110380424,1,240,10,HIRE,,9,88.0,True
110380424,0,241,10,SELL,MILK,3,671,True
110380424,0,241,10,HIRE,,3,178.0,True
110380424,0,241,10,BUY_PRODUCT,WHEAT,33,1211,True
110380424,1,241,10,BUY_PRODUCT,FERTILIZER,3,226,True
110380424,1,241,10,HIRE,,2,144.0,True
110380424,1,241,10,BUY_ANIMAL,GOOSE,2,600,True
110380424,1,242,10,SELL,FERTILIZER,3,226,True
110380424,1,242,10,BUY_PRODUCT,WHEAT,5,189,True
110380424,1,244,10,BUY_PRODUCT,WHEAT,1,38,True
110380424,0,249,10,SELL,MELON,2,542,True
110380424,1,249,10,SELL,MELON,6,1607,True
110380424,1,249,10,BUY_PRODUCT,WHEAT,14,532,True
110380424,1,249,10,BUY_PRODUCT,FERTILIZER,5,378,True
110380424,0,250,10,SELL,MELON,6,1518,True
110380424,0,250,10,BUY_PRODUCT,WHEAT,33,1282,True
110380424,1,250,10,SELL,MELON,24,5958,True
110380424,1,250,10,SELL,FERTILIZER,5,378,True
110380424,1,250,10,BUY_PRODUCT,WHEAT,3,120,True
110380424,0,251,10,SELL,WHEAT,1,40,True
110380424,0,251,10,SELL,MELON,6,1397,True
110380424,0,251,10,BUY_SEED,WHEAT,1,10,True
110380424,0,251,10,BUY_SEED,STRAWBERRY,1,100,True
110380424,1,251,10,SELL,MELON,12,2872,True
110380424,0,252,10,SELL,MELON,6,1350,True
110380424,0,252,10,SELL,WHEAT,25,977,True
110380424,0,252,10,BUY_SEED,WHEAT,1,10,True
110380424,1,252,10,SELL,MELON,6,1350,True
110380424,0,253,10,SELL,MELON,10,2070,True
110380424,0,253,10,SELL,FERTILIZER,1,75,True
110380424,0,253,10,BUY_SEED,WHEAT,1,10,True
110380424,1,253,10,SELL,MELON,6,1269,True
110380424,0,254,10,SELL,MILK,1,226,True
110380424,0,254,10,BUY_SEED,WHEAT,1,10,True
110380424,1,254,10,BUY_SEED,WHEAT,1,10,True
110380424,0,255,10,SELL,FERTILIZER,2,150,True
110380424,0,255,10,SELL,MILK,2,451,True
110380424,0,255,10,BUY_SEED,WHEAT,1,10,True
110380424,1,255,10,SELL,MELON,6,1158,True
110380424,1,255,10,BUY_SEED,WHEAT,2,20,True
110380424,0,256,10,BUY_SEED,WHEAT,1,10,True
110380424,0,257,10,BUY_SEED,WHEAT,1,10,True
110380424,0,257,10,BUY_SEED,STRAWBERRY,1,100,True
110380424,1,257,10,SELL,MILK,12,2668,True
110380424,0,258,10,BUY_SEED,WHEAT,1,10,True
110380424,0,258,10,BUY_SEED,STRAWBERRY,1,100,True
110380424,1,258,10,BUY_SEED,WHEAT,1,10,True
110380424,0,259,10,BUY_SEED,WHEAT,1,10,True
110380424,0,259,10,BUY_SEED,STRAWBERRY,1,100,True
110380424,1,259,10,BUY_SEED,WHEAT,1,10,True
110380424,0,260,10,BUY_SEED,WHEAT,1,10,True
110380424,1,260,10,SELL,WHEAT,3,117,True
110380424,1,260,10,BUY_SEED,WHEAT,1,10,True
110380424,1,261,10,BUY_SEED,WHEAT,1,10,True
110380424,0,262,10,SELL,FERTILIZER,3,222,True
110380424,0,264,11,SELL,MELON,6,1076,True
110380424,0,264,11,SELL,FERTILIZER,8,579,True
110380424,0,264,11,HIRE,,8,54.0,True
110380424,1,264,11,SELL,MELON,12,2052,True
110380424,1,264,11,SELL,FERTILIZER,13,930,True
110380424,1,264,11,HIRE,,5,12.0,True
110380424,0,265,11,HIRE,,3,178.0,True
110380424,1,265,11,BUY_PRODUCT,FERTILIZER,1,70,True
110380424,1,265,11,HIRE,,5,131.0,True
110380424,1,265,11,BUY_LAND,,1,2000.0,True
110380424,1,265,11,BUY_ANIMAL,GOOSE,1,300,True
110380424,1,265,11,BUY_SEED,STRAWBERRY,2,200,True
110380424,1,266,11,SELL,FERTILIZER,1,70,True
110380424,1,266,11,BUY_PRODUCT,WHEAT,3,117,True
110380424,1,266,11,BUY_SEED,STRAWBERRY,1,100,True
110380424,1,268,11,BUY_PRODUCT,WHEAT,3,117,True
110380424,1,268,11,BUY_SEED,STRAWBERRY,2,200,True
110380424,1,269,11,BUY_SEED,STRAWBERRY,1,100,True
110380424,1,270,11,SELL,MILK,6,1327,True
110380424,1,270,11,BUY_PRODUCT,WHEAT,3,117,True
110380424,1,270,11,BUY_SEED,STRAWBERRY,1,100,True
110380424,0,271,11,SELL,WHEAT,8,312,True
110380424,1,271,11,BUY_SEED,STRAWBERRY,2,200,True
110380424,0,272,11,SELL,MELON,1,158,True
110380424,1,272,11,BUY_PRODUCT,WHEAT,6,234,True
110380424,1,272,11,BUY_SEED,STRAWBERRY,1,100,True
110380424,1,273,11,BUY_SEED,STRAWBERRY,1,100,True
110380424,1,274,11,BUY_PRODUCT,WHEAT,3,117,True
110380424,1,274,11,BUY_SEED,STRAWBERRY,1,100,True
110380424,1,274,11,BUY_SEED,WHEAT,1,10,True
110380424,0,275,11,SELL,MELON,4,612,True
110380424,0,275,11,BUY_SEED,WHEAT,1,10,True
110380424,0,276,11,SELL,MELON,5,720,True
110380424,0,276,11,BUY_SEED,WHEAT,1,10,True
110380424,1,276,11,BUY_PRODUCT,WHEAT,3,117,True
110380424,1,276,11,BUY_SEED,WHEAT,2,20,True
110380424,0,277,11,BUY_SEED,WHEAT,1,10,True
110380424,1,277,11,BUY_SEED,WHEAT,2,20,True
110380424,0,278,11,BUY_SEED,WHEAT,1,10,True
110380424,0,278,11,BUY_SEED,STRAWBERRY,1,100,True
110380424,0,279,11,BUY_SEED,WHEAT,1,10,True
110380424,1,279,11,BUY_SEED,STRAWBERRY,1,100,True
110380424,1,279,11,BUY_SEED,WHEAT,1,10,True
110380424,0,280,11,BUY_SEED,WHEAT,1,10,True
110380424,1,280,11,BUY_SEED,WHEAT,2,20,True
110380424,0,281,11,BUY_SEED,WHEAT,1,10,True
110380424,0,282,11,BUY_SEED,WHEAT,1,10,True
110380424,1,282,11,BUY_SEED,WHEAT,1,10,True
110380424,0,283,11,BUY_SEED,WHEAT,1,10,True
110380424,1,283,11,SELL,WHEAT,9,351,True
110380424,1,283,11,BUY_SEED,WHEAT,1,10,True
110380424,0,284,11,BUY_SEED,WHEAT,1,10,True
110380424,1,285,11,BUY_SEED,WHEAT,1,10,True
110380424,0,288,12,SELL,FERTILIZER,12,809,True
110380424,0,288,12,HIRE,,8,54.0,True
110380424,1,288,12,SELL,FERTILIZER,16,1067,True
110380424,1,288,12,HIRE,,9,88.0,True
110380424,0,289,12,HIRE,,3,178.0,True
110380424,0,289,12,BUY_SEED,STRAWBERRY,1,100,True
110380424,0,290,12,SELL,MILK,1,226,True
110380424,0,293,12,SELL,WOOL,4,428,True
110380424,1,293,12,SELL,WOOL,8,725,True
110380424,0,295,12,BUY_SEED,STRAWBERRY,1,100,True
110380424,0,296,12,SELL,MILK,1,226,True
110380424,1,297,12,BUY_SEED,WHEAT,3,30,True
110380424,0,298,12,SELL,WHEAT,7,273,True
110380424,0,298,12,BUY_SEED,WHEAT,1,10,True
110380424,0,299,12,SELL,FERTILIZER,1,64,True
110380424,0,299,12,SELL,WOOL,2,116,True
110380424,0,299,12,BUY_SEED,WHEAT,1,10,True
110380424,0,299,12,BUY_SEED,STRAWBERRY,1,100,True
110380424,1,299,12,BUY_SEED,WHEAT,1,10,True
110380424,1,300,12,BUY_SEED,WHEAT,1,10,True
110380424,1,301,12,SELL,MILK,6,1359,True
110380424,0,302,12,BUY_SEED,WHEAT,1,10,True
110380424,1,303,12,BUY_SEED,WHEAT,1,10,True
110380424,0,304,12,BUY_SEED,WHEAT,1,10,True
110380424,1,304,12,BUY_SEED,WHEAT,1,10,True
110380424,0,305,12,BUY_SEED,WHEAT,1,10,True
110380424,1,305,12,BUY_SEED,WHEAT,1,10,True
110380424,0,306,12,BUY_SEED,WHEAT,1,10,True
110380424,0,307,12,BUY_SEED,WHEAT,1,10,True
110380424,1,308,12,SELL,WHEAT,9,351,True
110380424,0,309,12,SELL,MILK,2,453,True
110380424,0,309,12,SELL,FERTILIZER,4,254,True
110380424,0,310,12,SELL,WHEAT,2,78,True
110380424,0,312,13,SELL,FERTILIZER,5,311,True
110380424,0,312,13,SELL,STRAWBERRY,4,847,True
110380424,0,312,13,HIRE,,8,54.0,True
110380424,1,312,13,SELL,FERTILIZER,16,971,True
110380424,1,312,13,HIRE,,8,54.0,True
110380424,0,313,13,SELL,MELON,8,1076,True
110380424,0,313,13,HIRE,,3,178.0,True
110380424,1,313,13,SELL,FERTILIZER,1,59,True
110380424,1,313,13,HIRE,,1,34.0,True
110380424,0,317,13,SELL,WHEAT,3,117,True
110380424,0,318,13,BUY_SEED,WHEAT,1,10,True
110380424,1,318,13,SELL,MILK,3,683,True
110380424,0,319,13,BUY_SEED,WHEAT,1,10,True
110380424,1,319,13,BUY_SEED,WHEAT,1,10,True
110380424,1,320,13,SELL,MILK,3,679,True
110380424,1,320,13,BUY_SEED,WHEAT,1,10,True
110380424,0,321,13,SELL,WHEAT,2,78,True
110380424,0,321,13,BUY_SEED,WHEAT,1,10,True
110380424,0,321,13,BUY_SEED,STRAWBERRY,1,100,True
110380424,0,322,13,BUY_SEED,WHEAT,1,10,True
110380424,0,323,13,SELL,WHEAT,2,78,True
110380424,0,323,13,BUY_SEED,WHEAT,1,10,True
110380424,1,323,13,BUY_SEED,WHEAT,1,10,True
110380424,0,324,13,BUY_SEED,WHEAT,1,10,True
110380424,1,324,13,BUY_SEED,WHEAT,1,10,True
110380424,0,325,13,BUY_SEED,WHEAT,1,10,True
110380424,1,325,13,BUY_SEED,WHEAT,1,10,True
110380424,0,326,13,BUY_SEED,WHEAT,1,10,True
110380424,1,326,13,SELL,WHEAT,15,583,True
110380424,0,327,13,BUY_SEED,WHEAT,1,10,True
110380424,0,328,13,BUY_SEED,WHEAT,1,10,True
110380424,0,329,13,BUY_SEED,WHEAT,1,10,True
110380424,0,330,13,BUY_SEED,WHEAT,1,10,True
110380424,1,330,13,BUY_SEED,WHEAT,1,10,True
110380424,0,331,13,BUY_SEED,WHEAT,1,10,True
110380424,0,332,13,BUY_SEED,WHEAT,1,10,True
110380424,1,332,13,SELL,WHEAT,4,152,True
110380424,0,333,13,SELL,MILK,1,230,True
110380424,0,336,14,SELL,FERTILIZER,9,520,True
110380424,0,336,14,SELL,STRAWBERRY,2,436,True
110380424,0,336,14,HIRE,,8,54.0,True
110380424,1,336,14,HIRE,,9,88.0,True
110380424,0,337,14,SELL,FERTILIZER,1,57,True
110380424,0,337,14,HIRE,,3,178.0,True
110380424,1,337,14,SELL,FERTILIZER,8,447,True
110380424,1,337,14,BUY_PRODUCT,FERTILIZER,2,110,True
110380424,0,338,14,SELL,MILK,4,916,True
110380424,1,338,14,SELL,MILK,6,1368,True
110380424,0,339,14,SELL,MILK,6,1334,True
110380424,1,339,14,SELL,MILK,3,672,True
110380424,0,340,14,SELL,WHEAT,10,381,True
110380424,1,340,14,SELL,MILK,3,657,True
110380424,0,341,14,SELL,MILK,6,1304,True
110380424,0,342,14,SELL,MILK,6,1279,True
110380424,0,342,14,SELL,WHEAT,6,228,True
110380424,0,342,14,BUY_SEED,WHEAT,1,10,True
110380424,1,342,14,SELL,WOOL,6,276,True
110380424,0,343,14,BUY_SEED,WHEAT,1,10,True
110380424,1,343,14,SELL,WOOL,3,53,True
110380424,1,343,14,BUY_PRODUCT,WHEAT,1,38,True
110380424,1,345,14,BUY_SEED,WHEAT,1,10,True
110380424,0,347,14,SELL,MILK,2,423,True
110380424,1,347,14,BUY_SEED,WHEAT,1,10,True
110380424,0,348,14,SELL,WHEAT,2,76,True
110380424,0,348,14,SELL,MILK,5,1046,True
110380424,0,348,14,BUY_SEED,WHEAT,1,10,True
110380424,0,349,14,BUY_SEED,WHEAT,1,10,True
110380424,0,350,14,BUY_SEED,WHEAT,1,10,True
110380424,1,350,14,BUY_PRODUCT,FERTILIZER,1,56,True
110380424,1,350,14,BUY_SEED,WHEAT,2,20,True
110380424,1,352,14,BUY_SEED,WHEAT,1,10,True
110380424,0,353,14,BUY_SEED,WHEAT,1,10,True
110380424,0,354,14,BUY_SEED,WHEAT,1,10,True
110380424,1,355,14,SELL,WOOL,3,7,True
110380424,1,355,14,BUY_SEED,WHEAT,2,20,True
110380424,0,356,14,BUY_SEED,WHEAT,1,10,True
110380424,0,357,14,SELL,MILK,3,629,True
110380424,1,357,14,SELL,MILK,3,629,True
110380424,1,359,14,SELL,FERTILIZER,7,385,True
110380424,0,360,15,SELL,FERTILIZER,6,322,True
110380424,0,360,15,SELL,STRAWBERRY,7,1561,True
110380424,0,360,15,HIRE,,8,54.0,True
110380424,1,360,15,SELL,MILK,6,1228,True
110380424,1,360,15,SELL,EGG,4,212,True
110380424,1,360,15,HIRE,,8,54.0,True
110380424,0,361,15,HIRE,,3,178.0,True
110380424,0,361,15,BUY_ANIMAL,COW,1,400,True
110380424,1,361,15,SELL,FERTILIZER,7,367,True
110380424,1,361,15,BUY_PRODUCT,FERTILIZER,4,208,True
110380424,1,361,15,HIRE,,2,89.0,True
110380424,0,362,15,SELL,STRAWBERRY,3,668,True
110380424,0,365,15,SELL,WHEAT,9,343,True
110380424,0,365,15,SELL,STRAWBERRY,2,446,True
110380424,0,365,15,BUY_SEED,STRAWBERRY,1,100,True
110380424,0,366,15,SELL,WOOL,3,7,True
110380424,1,367,15,SELL,WHEAT,7,266,True
110380424,1,367,15,BUY_SEED,WHEAT,1,10,True
110380424,1,368,15,SELL,FERTILIZER,9,464,True
110380424,1,368,15,BUY_SEED,WHEAT,1,10,True
110380424,0,369,15,SELL,MILK,2,415,True
110380424,0,370,15,SELL,WHEAT,4,152,True
110380424,0,370,15,BUY_SEED,WHEAT,1,10,True
110380424,0,371,15,BUY_SEED,WHEAT,1,10,True
110380424,1,371,15,SELL,MILK,6,1223,True
110380424,0,372,15,BUY_SEED,WHEAT,1,10,True
110380424,1,372,15,SELL,MILK,3,600,True
110380424,1,372,15,BUY_SEED,WHEAT,2,20,True
110380424,0,373,15,BUY_SEED,WHEAT,1,10,True
110380424,1,373,15,SELL,MILK,6,1185,True
110380424,0,374,15,BUY_SEED,WHEAT,1,10,True
110380424,0,375,15,BUY_SEED,WHEAT,1,10,True
110380424,0,376,15,BUY_SEED,WHEAT,1,10,True
110380424,0,377,15,SELL,STRAWBERRY,1,225,True
110380424,0,378,15,BUY_SEED,WHEAT,1,10,True
110380424,0,379,15,BUY_SEED,WHEAT,1,10,True
110380424,1,379,15,BUY_SEED,WHEAT,1,10,True
110380424,1,380,15,SELL,EGG,2,106,True
110380424,1,380,15,BUY_SEED,WHEAT,1,10,True
110380424,0,381,15,SELL,MILK,2,395,True
110380424,0,381,15,SELL,STRAWBERRY,1,226,True
110380424,1,381,15,SELL,EGG,2,106,True
110380424,1,381,15,BUY_SEED,WHEAT,1,10,True
110380424,0,382,15,SELL,WHEAT,6,228,True
110380424,1,382,15,SELL,STRAWBERRY,8,1796,True
110380424,1,382,15,BUY_SEED,WHEAT,1,10,True
110380424,0,384,16,SELL,FERTILIZER,2,101,True
110380424,0,384,16,SELL,STRAWBERRY,2,446,True
110380424,0,384,16,HIRE,,8,54.0,True
110380424,1,384,16,HIRE,,9,88.0,True
110380424,0,385,16,SELL,MILK,7,1372,True
110380424,0,385,16,HIRE,,3,178.0,True
110380424,1,385,16,SELL,WOOL,8,12,True
110380424,1,385,16,SELL,FERTILIZER,9,445,True
110380424,1,385,16,BUY_PRODUCT,FERTILIZER,1,49,True
110380424,1,385,16,HIRE,,2,144.0,True
110380424,0,386,16,SELL,MILK,3,570,True
110380424,0,387,16,SELL,MILK,3,558,True
110380424,0,387,16,SELL,STRAWBERRY,1,224,True
110380424,0,388,16,SELL,WHEAT,7,266,True
110380424,0,389,16,SELL,MILK,3,554,True
110380424,0,390,16,SELL,WHEAT,5,190,True
110380424,0,390,16,SELL,STRAWBERRY,1,224,True
110380424,0,390,16,BUY_SEED,WHEAT,1,10,True
110380424,1,390,16,SELL,MILK,3,537,True
110380424,0,391,16,SELL,MILK,3,516,True
110380424,0,393,16,SELL,STRAWBERRY,2,450,True
110380424,1,393,16,SELL,MILK,6,969,True
110380424,1,393,16,BUY_SEED,WHEAT,1,10,True
110380424,0,394,16,BUY_SEED,WHEAT,1,10,True
110380424,1,395,16,BUY_SEED,WHEAT,1,10,True
110380424,1,396,16,BUY_SEED,WHEAT,1,10,True
110380424,0,397,16,SELL,MILK,12,1732,True
110380424,1,398,16,SELL,MILK,3,386,True
110380424,1,398,16,SELL,STRAWBERRY,4,899,True
110380424,1,398,16,SELL,FERTILIZER,2,97,True
110380424,0,399,16,BUY_SEED,WHEAT,1,10,True
110380424,1,399,16,SELL,WOOL,6,6,True
110380424,0,400,16,BUY_SEED,WHEAT,1,10,True
110380424,1,400,16,BUY_SEED,WHEAT,2,20,True
110380424,1,401,16,SELL,WHEAT,6,228,True
110380424,0,402,16,BUY_SEED,WHEAT,1,10,True
110380424,1,402,16,SELL,STRAWBERRY,6,1345,True
110380424,1,402,16,BUY_SEED,WHEAT,1,10,True
110380424,1,403,16,SELL,STRAWBERRY,6,1332,True
110380424,1,403,16,BUY_SEED,WHEAT,1,10,True
110380424,0,404,16,SELL,STRAWBERRY,6,1319,True
110380424,1,404,16,BUY_SEED,WHEAT,1,10,True
110380424,0,405,16,SELL,MILK,2,264,True
110380424,1,405,16,SELL,EGG,6,324,True
110380424,0,406,16,SELL,WHEAT,4,152,True
110380424,0,407,16,SELL,STRAWBERRY,5,1095,True
110380424,0,407,16,SELL,WHEAT,2,76,True
110380424,0,408,17,SELL,STRAWBERRY,13,2806,True
110380424,0,408,17,SELL,FERTILIZER,5,239,True
110380424,0,408,17,HIRE,,8,54.0,True
110380424,1,408,17,SELL,MILK,3,379,True
110380424,1,408,17,HIRE,,9,88.0,True
110380424,0,409,17,HIRE,,3,178.0,True
110380424,1,409,17,SELL,FERTILIZER,10,463,True
110380424,1,409,17,HIRE,,2,144.0,True
110380424,0,413,17,SELL,STRAWBERRY,2,431,True
110380424,0,413,17,SELL,MILK,6,765,True
110380424,1,413,17,SELL,WHEAT,7,266,True
110380424,0,414,17,SELL,WHEAT,4,152,True
110380424,0,414,17,BUY_SEED,WHEAT,1,10,True
110380424,1,415,17,BUY_SEED,WHEAT,1,10,True
110380424,0,417,17,SELL,STRAWBERRY,2,432,True
110380424,1,417,17,BUY_SEED,WHEAT,3,30,True
110380424,0,418,17,SELL,WHEAT,3,114,True
110380424,0,418,17,BUY_SEED,WHEAT,1,10,True
110380424,0,419,17,BUY_SEED,WHEAT,1,10,True
110380424,0,420,17,BUY_SEED,WHEAT,1,10,True
110380424,0,421,17,SELL,STRAWBERRY,2,433,True
110380424,1,422,17,BUY_SEED,WHEAT,1,10,True
110380424,0,423,17,SELL,WHEAT,2,76,True
110380424,0,423,17,BUY_SEED,WHEAT,1,10,True
110380424,1,423,17,BUY_SEED,WHEAT,1,10,True
110380424,0,424,17,BUY_SEED,WHEAT,1,10,True
110380424,0,424,17,BUY_SEED,TOMATO,1,50,True
110380424,0,425,17,SELL,MILK,2,264,True
110380424,0,425,17,BUY_SEED,WHEAT,1,10,True
110380424,0,427,17,SELL,STRAWBERRY,6,1290,True
110380424,1,427,17,SELL,STRAWBERRY,6,1290,True
110380424,1,427,17,SELL,EGG,4,216,True
110380424,1,427,17,BUY_SEED,WHEAT,1,10,True
110380424,0,428,17,BUY_SEED,WHEAT,1,10,True
110380424,1,428,17,SELL,EGG,1,54,True
110380424,0,429,17,SELL,MILK,3,393,True
110380424,1,429,17,SELL,STRAWBERRY,10,2118,True
110380424,0,432,18,SELL,STRAWBERRY,9,1872,True
110380424,0,432,18,SELL,FERTILIZER,3,135,True
110380424,0,432,18,HIRE,,8,54.0,True
110380424,1,432,18,SELL,MILK,9,1062,True
110380424,1,432,18,HIRE,,9,88.0,True
110380424,0,433,18,HIRE,,3,178.0,True
110380424,1,433,18,SELL,FERTILIZER,12,522,True
110380424,1,433,18,BUY_PRODUCT,FERTILIZER,1,42,True
110380424,1,433,18,HIRE,,2,144.0,True
110380424,0,434,18,SELL,STRAWBERRY,1,208,True
110380424,0,436,18,SELL,WHEAT,8,304,True
110380424,0,437,18,SELL,MILK,11,1183,True
110380424,1,438,18,SELL,WOOL,2,16,True
110380424,0,439,18,SELL,MILK,3,279,True
110380424,1,441,18,SELL,FERTILIZER,2,84,True
110380424,1,441,18,BUY_SEED,WHEAT,1,10,True
110380424,0,442,18,SELL,WHEAT,4,152,True
110380424,0,442,18,BUY_SEED,WHEAT,1,10,True
110380424,1,442,18,BUY_SEED,WHEAT,1,10,True
110380424,1,444,18,BUY_SEED,WHEAT,1,10,True
110380424,1,445,18,SELL,WHEAT,7,266,True
110380424,0,446,18,SELL,MILK,6,552,True
110380424,0,446,18,SELL,STRAWBERRY,4,841,True
110380424,0,446,18,BUY_SEED,WHEAT,1,10,True
110380424,0,446,18,BUY_SEED,TOMATO,1,50,True
110380424,1,447,18,SELL,MILK,6,474,True
110380424,1,447,18,SELL,WOOL,1,1,True
110380424,1,447,18,BUY_SEED,WHEAT,2,20,True
110380424,0,449,18,BUY_SEED,WHEAT,1,10,True
110380424,0,449,18,BUY_SEED,TOMATO,1,50,True
110380424,0,450,18,BUY_SEED,WHEAT,1,10,True
110380424,0,450,18,BUY_SEED,TOMATO,1,50,True
110380424,1,450,18,SELL,STRAWBERRY,6,1256,True
110380424,1,450,18,BUY_SEED,WHEAT,1,10,True
110380424,0,451,18,SELL,STRAWBERRY,8,1653,True
110380424,0,451,18,BUY_SEED,WHEAT,1,10,True
110380424,1,451,18,BUY_SEED,WHEAT,1,10,True
110380424,0,452,18,BUY_SEED,WHEAT,1,10,True
110380424,1,452,18,SELL,STRAWBERRY,10,2029,True
110380424,0,453,18,SELL,MILK,2,158,True
110380424,1,453,18,SELL,EGG,4,220,True
110380424,0,454,18,SELL,WHEAT,3,114,True
110380424,1,454,18,SELL,EGG,2,110,True
110380424,1,454,18,SELL,WHEAT,2,76,True
110380424,0,455,18,SELL,STRAWBERRY,6,1205,True
110380424,0,455,18,SELL,WHEAT,2,76,True
110380424,0,455,18,SELL,FERTILIZER,1,42,True
110380424,0,456,19,SELL,STRAWBERRY,14,2748,True
110380424,0,456,19,SELL,FERTILIZER,4,166,True
110380424,0,456,19,HIRE,,8,54.0,True
110380424,1,456,19,SELL,MILK,15,921,True
110380424,1,456,19,HIRE,,9,88.0,True
110380424,0,457,19,SELL,STRAWBERRY,2,389,True
110380424,0,457,19,HIRE,,3,178.0,True
110380424,1,457,19,SELL,FERTILIZER,7,283,True
110380424,1,457,19,HIRE,,1,55.0,True
110380424,0,458,19,SELL,STRAWBERRY,1,194,True
110380424,1,458,19,SELL,FERTILIZER,2,79,True
110380424,0,462,19,SELL,WHEAT,5,190,True
110380424,0,462,19,BUY_SEED,WHEAT,1,10,True
110380424,1,462,19,BUY_SEED,WHEAT,1,10,True
110380424,0,463,19,SELL,MILK,1,55,True
110380424,1,463,19,BUY_SEED,WHEAT,1,10,True
110380424,1,465,19,SELL,STRAWBERRY,8,1556,True
110380424,1,465,19,SELL,MILK,3,165,True
110380424,1,465,19,SELL,WOOL,1,5,True
110380424,0,466,19,SELL,MELON,1,138,True
110380424,0,466,19,SELL,MILK,1,51,True
110380424,1,466,19,BUY_SEED,WHEAT,2,20,True
110380424,0,467,19,BUY_SEED,WHEAT,1,10,True
110380424,1,467,19,SELL,WHEAT,3,114,True
110380424,0,468,19,BUY_SEED,WHEAT,1,10,True
110380424,1,468,19,BUY_SEED,WHEAT,1,10,True
110380424,0,469,19,SELL,MILK,2,104,True
110380424,0,469,19,BUY_SEED,WHEAT,1,10,True
110380424,0,470,19,BUY_SEED,WHEAT,1,10,True
110380424,0,471,19,BUY_SEED,WHEAT,1,10,True
110380424,0,472,19,BUY_SEED,WHEAT,1,10,True
110380424,0,473,19,SELL,MILK,2,104,True
110380424,0,473,19,BUY_SEED,WHEAT,1,10,True
110380424,1,473,19,SELL,STRAWBERRY,2,390,True
110380424,0,474,19,BUY_SEED,WHEAT,1,10,True
110380424,0,475,19,SELL,STRAWBERRY,6,1158,True
110380424,0,475,19,BUY_SEED,WHEAT,1,10,True
110380424,1,475,19,BUY_SEED,WHEAT,1,10,True
110380424,0,476,19,BUY_SEED,WHEAT,1,10,True
110380424,0,477,19,SELL,MILK,3,153,True
110380424,1,477,19,SELL,STRAWBERRY,8,1528,True
110380424,1,477,19,SELL,EGG,4,224,True
110380424,0,478,19,SELL,WHEAT,9,343,True
110380424,0,480,20,SELL,STRAWBERRY,5,939,True
110380424,0,480,20,SELL,FERTILIZER,2,78,True
110380424,0,480,20,HIRE,,8,54.0,True
110380424,1,480,20,SELL,MILK,1,47,True
110380424,1,480,20,HIRE,,9,88.0,True
110380424,0,481,20,SELL,MILK,7,312,True
110380424,0,481,20,HIRE,,3,178.0,True
110380424,1,481,20,SELL,EGG,2,112,True
110380424,1,481,20,BUY_PRODUCT,FERTILIZER,5,197,True
110380424,1,481,20,HIRE,,2,144.0,True
110380424,0,482,20,SELL,STRAWBERRY,3,563,True
110380424,0,484,20,SELL,WHEAT,7,266,True
110380424,0,484,20,SELL,STRAWBERRY,1,187,True
110380424,0,485,20,SELL,STRAWBERRY,1,188,True
110380424,1,485,20,SELL,WHEAT,6,228,True
110380424,1,485,20,SELL,FERTILIZER,3,119,True
110380424,0,486,20,SELL,WHEAT,5,190,True
110380424,0,486,20,BUY_SEED,WHEAT,1,10,True
110380424,1,486,20,BUY_SEED,WHEAT,1,10,True
110380424,0,489,20,SELL,MILK,9,325,True
110380424,1,489,20,SELL,STRAWBERRY,6,1125,True
110380424,1,489,20,SELL,FERTILIZER,3,117,True
110380424,0,490,20,SELL,MILK,3,72,True
110380424,0,490,20,SELL,STRAWBERRY,2,371,True
110380424,0,491,20,SELL,WHEAT,3,114,True
110380424,0,491,20,BUY_SEED,WHEAT,1,10,True
110380424,1,491,20,BUY_SEED,WHEAT,2,20,True
110380424,0,492,20,BUY_SEED,WHEAT,1,10,True
110380424,1,492,20,BUY_SEED,WHEAT,1,10,True
110380424,0,493,20,BUY_SEED,WHEAT,1,10,True
110380424,0,494,20,BUY_SEED,WHEAT,1,10,True
110380424,0,495,20,BUY_SEED,WHEAT,1,10,True
110380424,0,496,20,SELL,MELON,1,138,True
110380424,0,496,20,BUY_SEED,WHEAT,1,10,True
110380424,1,496,20,SELL,STRAWBERRY,6,1109,True
110380424,0,497,20,SELL,STRAWBERRY,4,735,True
110380424,0,497,20,SELL,MILK,3,45,True
110380424,0,497,20,BUY_SEED,WHEAT,1,10,True
110380424,1,497,20,SELL,MILK,5,119,True
110380424,1,497,20,SELL,STRAWBERRY,4,726,True
110380424,0,498,20,BUY_SEED,WHEAT,1,10,True
110380424,1,498,20,SELL,STRAWBERRY,4,716,True
110380424,1,498,20,SELL,MILK,3,27,True
110380424,1,498,20,SELL,WOOL,3,7,True
110380424,1,498,20,BUY_SEED,WHEAT,1,10,True
110380424,0,499,20,SELL,STRAWBERRY,8,1403,True
110380424,0,499,20,BUY_SEED,WHEAT,1,10,True
110380424,0,500,20,BUY_SEED,WHEAT,1,10,True
110380424,0,501,20,SELL,MILK,2,14,True
110380424,1,501,20,SELL,MILK,3,15,True
110380424,1,501,20,BUY_SEED,WHEAT,1,10,True
110380424,0,502,20,SELL,WHEAT,3,114,True
110380424,1,502,20,SELL,EGG,4,228,True
110380424,1,502,20,SELL,STRAWBERRY,4,693,True
110380424,0,504,21,SELL,STRAWBERRY,11,1850,True
110380424,0,504,21,SELL,FERTILIZER,3,108,True
110380424,0,504,21,HIRE,,8,54.0,True
110380424,1,504,21,SELL,FERTILIZER,13,486,True
110380424,1,504,21,SELL,MILK,2,2,True
110380424,1,504,21,HIRE,,8,54.0,True
110380424,0,505,21,SELL,WOOL,1,5,True
110380424,0,505,21,SELL,MELON,1,138,True
110380424,0,505,21,HIRE,,3,178.0,True
110380424,1,505,21,SELL,STRAWBERRY,6,994,True
110380424,1,505,21,SELL,EGG,6,342,True
110380424,1,505,21,HIRE,,3,178.0,True
110380424,0,509,21,SELL,STRAWBERRY,3,495,True
110380424,1,509,21,SELL,WHEAT,7,270,True
110380424,0,511,21,SELL,MILK,3,39,True
110380424,1,511,21,BUY_SEED,WHEAT,1,10,True
110380424,1,512,21,SELL,WHEAT,5,190,True
110380424,1,512,21,BUY_SEED,WHEAT,1,10,True
110380424,0,513,21,SELL,STRAWBERRY,2,333,True
110380424,0,513,21,SELL,MILK,2,28,True
110380424,0,515,21,SELL,MELON,1,136,True
110380424,0,515,21,BUY_SEED,WHEAT,1,10,True
110380424,1,515,21,SELL,WOOL,4,4,True
110380424,1,515,21,BUY_SEED,WHEAT,1,10,True
110380424,0,516,21,BUY_SEED,WHEAT,1,10,True
110380424,0,517,21,SELL,STRAWBERRY,8,1301,True
110380424,0,517,21,SELL,MILK,2,30,True
110380424,0,517,21,BUY_SEED,WHEAT,1,10,True
110380424,1,517,21,SELL,STRAWBERRY,8,1301,True
110380424,1,517,21,SELL,MILK,4,46,True
110380424,1,517,21,BUY_SEED,WHEAT,2,20,True
110380424,0,519,21,BUY_SEED,WHEAT,1,10,True
110380424,0,520,21,SELL,WHEAT,7,268,True
110380424,0,520,21,BUY_SEED,WHEAT,1,10,True
110380424,1,520,21,BUY_SEED,WHEAT,1,10,True
110380424,0,521,21,SELL,MILK,2,20,True
110380424,0,521,21,BUY_SEED,WHEAT,1,10,True
110380424,1,521,21,BUY_SEED,WHEAT,1,10,True
110380424,0,522,21,SELL,MELON,1,133,True
110380424,1,522,21,BUY_SEED,WHEAT,1,10,True
110380424,0,523,21,SELL,STRAWBERRY,6,921,True
110380424,0,523,21,BUY_SEED,WHEAT,1,10,True
110380424,1,523,21,SELL,STRAWBERRY,16,2284,True
110380424,1,523,21,BUY_SEED,WHEAT,1,10,True
110380424,0,524,21,BUY_SEED,WHEAT,1,10,True
110380424,1,524,21,BUY_SEED,WHEAT,1,10,True
110380424,0,525,21,SELL,MILK,2,24,True
110380424,1,525,21,BUY_SEED,WHEAT,1,10,True
110380424,0,526,21,SELL,WHEAT,5,195,True
110380424,0,528,22,SELL,FERTILIZER,1,35,True
110380424,0,528,22,HIRE,,8,54.0,True
110380424,1,528,22,SELL,STRAWBERRY,13,1508,True
110380424,1,528,22,HIRE,,9,88.0,True
110380424,0,529,22,SELL,MILK,5,45,True
110380424,0,529,22,SELL,WOOL,1,5,True
110380424,0,529,22,HIRE,,3,178.0,True
110380424,1,529,22,SELL,MILK,7,47,True
110380424,1,529,22,BUY_PRODUCT,FERTILIZER,4,143,True
110380424,1,529,22,SELL,FERTILIZER,9,317,True
110380424,1,529,22,HIRE,,1,55.0,True
110380424,0,530,22,SELL,WHEAT,11,424,True
110380424,1,530,22,SELL,FERTILIZER,9,301,True
110380424,0,531,22,SELL,MELON,1,133,True
110380424,1,531,22,SELL,FERTILIZER,1,32,True
110380424,0,533,22,SELL,MILK,2,10,True
110380424,0,533,22,SELL,STRAWBERRY,2,234,True
110380424,1,533,22,SELL,MILK,2,10,True
110380424,0,534,22,SELL,WHEAT,4,152,True
110380424,0,534,22,BUY_SEED,WHEAT,1,10,True
110380424,0,537,22,SELL,MILK,4,10,True
110380424,0,537,22,SELL,STRAWBERRY,2,248,True
110380424,1,537,22,SELL,WOOL,4,4,True
110380424,0,538,22,BUY_SEED,WHEAT,1,10,True
110380424,1,538,22,SELL,STRAWBERRY,1,118,True
110380424,0,539,22,SELL,MELON,1,131,True
110380424,0,539,22,BUY_SEED,WHEAT,1,10,True
110380424,1,539,22,BUY_SEED,WHEAT,1,10,True
110380424,0,540,22,BUY_SEED,WHEAT,1,10,True
110380424,1,540,22,BUY_SEED,WHEAT,2,20,True
110380424,0,541,22,SELL,STRAWBERRY,4,498,True
110380424,0,541,22,SELL,MILK,1,7,True
110380424,0,541,22,SELL,FERTILIZER,2,64,True
110380424,0,541,22,BUY_SEED,WHEAT,1,10,True
110380424,0,542,22,SELL,MELON,1,129,True
110380424,1,542,22,SELL,STRAWBERRY,3,342,True
110380424,1,542,22,SELL,WHEAT,2,78,True
110380424,0,543,22,SELL,WHEAT,3,117,True
110380424,0,543,22,BUY_SEED,WHEAT,1,10,True
110380424,1,543,22,SELL,STRAWBERRY,1,110,True
110380424,0,544,22,SELL,MILK,1,5,True
110380424,0,544,22,SELL,STRAWBERRY,1,103,True
110380424,0,544,22,SELL,MELON,1,127,True
110380424,0,544,22,BUY_SEED,WHEAT,1,10,True
110380424,1,544,22,SELL,STRAWBERRY,3,320,True
110380424,0,545,22,SELL,MILK,1,9,True
110380424,0,545,22,BUY_SEED,WHEAT,1,10,True
110380424,1,545,22,SELL,MILK,5,19,True
110380424,1,545,22,BUY_SEED,WHEAT,1,10,True
110380424,0,546,22,SELL,MELON,1,125,True
110380424,0,546,22,BUY_SEED,WHEAT,1,10,True
110380424,1,546,22,BUY_SEED,WHEAT,3,30,True
110380424,0,548,22,BUY_SEED,WHEAT,1,10,True
110380424,1,548,22,SELL,STRAWBERRY,1,108,True
110380424,1,548,22,BUY_SEED,WHEAT,1,10,True
110380424,0,549,22,SELL,WOOL,2,2,True
110380424,0,549,22,SELL,MELON,1,122,True
110380424,0,550,22,SELL,WHEAT,13,505,True
110380424,0,550,22,SELL,MELON,7,791,True
110380424,0,551,22,SELL,FERTILIZER,4,126,True
110380424,0,551,22,SELL,WHEAT,1,38,True
110380424,1,551,22,SELL,WHEAT,21,798,True
110380424,0,552,23,SELL,FERTILIZER,2,62,True
110380424,0,552,23,SELL,STRAWBERRY,3,320,True
110380424,0,552,23,HIRE,,8,54.0,True
110380424,1,552,23,SELL,STRAWBERRY,3,336,True
110380424,1,552,23,SELL,FERTILIZER,15,438,True
110380424,1,552,23,SELL,EGG,8,467,True
110380424,1,552,23,HIRE,,7,33.0,True
110380424,0,553,23,SELL,MILK,4,48,True
110380424,0,553,23,SELL,WOOL,1,5,True
110380424,0,553,23,HIRE,,3,178.0,True
110380424,1,553,23,SELL,STRAWBERRY,8,845,True
110380424,1,553,23,BUY_PRODUCT,FERTILIZER,4,112,True
110380424,1,553,23,HIRE,,3,110.0,True
110380424,1,554,23,SELL,STRAWBERRY,2,192,True
110380424,1,554,23,SELL,FERTILIZER,4,112,True
110380424,1,555,23,SELL,FERTILIZER,1,28,True
110380424,1,556,23,SELL,MILK,3,15,True
110380424,0,557,23,SELL,STRAWBERRY,2,198,True
110380424,0,557,23,SELL,MILK,3,11,True
110380424,1,557,23,SELL,STRAWBERRY,4,382,True
110380424,1,557,23,SELL,MILK,6,14,True
110380424,1,557,23,BUY_SEED,WHEAT,1,10,True
110380424,0,558,23,SELL,WHEAT,5,190,True
110380424,0,558,23,BUY_SEED,WHEAT,1,10,True
110380424,1,558,23,BUY_SEED,WHEAT,2,20,True
110380424,0,559,23,SELL,MILK,2,2,True
110380424,0,559,23,BUY_SEED,WHEAT,1,10,True
110380424,1,559,23,BUY_SEED,WHEAT,2,20,True
110380424,0,561,23,SELL,STRAWBERRY,2,192,True
110380424,1,561,23,SELL,MILK,6,12,True
110380424,1,561,23,BUY_SEED,WHEAT,1,10,True
110380424,0,562,23,BUY_SEED,WHEAT,1,10,True
110380424,0,563,23,SELL,MILK,6,6,True
110380424,0,563,23,BUY_SEED,WHEAT,1,10,True
110380424,1,563,23,BUY_SEED,WHEAT,1,10,True
110380424,0,564,23,SELL,MILK,1,1,True
110380424,0,564,23,BUY_SEED,WHEAT,1,10,True
110380424,0,565,23,SELL,STRAWBERRY,2,200,True
110380424,0,565,23,SELL,MILK,2,12,True
110380424,0,565,23,BUY_SEED,WHEAT,1,10,True
110380424,1,565,23,BUY_SEED,WHEAT,2,20,True
110380424,0,566,23,SELL,WHEAT,4,152,True
110380424,0,566,23,BUY_SEED,WHEAT,1,10,True
110380424,1,566,23,SELL,STRAWBERRY,4,376,True
110380424,1,566,23,SELL,WHEAT,3,114,True
110380424,1,566,23,BUY_SEED,WHEAT,1,10,True
110380424,0,567,23,BUY_SEED,WHEAT,1,10,True
110380424,1,567,23,BUY_SEED,WHEAT,2,20,True
110380424,0,568,23,SELL,WHEAT,2,76,True
110380424,0,568,23,BUY_SEED,WHEAT,1,10,True
110380424,1,568,23,SELL,WOOL,1,1,True
110380424,0,569,23,SELL,STRAWBERRY,2,192,True
110380424,0,569,23,BUY_SEED,WHEAT,1,10,True
110380424,0,570,23,BUY_SEED,WHEAT,1,10,True
110380424,0,571,23,SELL,WHEAT,1,38,True
110380424,0,571,23,BUY_SEED,WHEAT,1,10,True
110380424,1,571,23,BUY_SEED,WHEAT,2,20,True
110380424,0,572,23,BUY_SEED,WHEAT,1,10,True
110380424,0,573,23,SELL,STRAWBERRY,2,200,True
110380424,0,573,23,SELL,WOOL,2,2,True
110380424,1,574,23,SELL,WHEAT,9,342,True
110380424,0,575,23,SELL,WOOL,1,1,True
110380424,1,575,23,SELL,WHEAT,4,152,True
110380424,0,576,24,SELL,FERTILIZER,4,108,True
110380424,0,576,24,HIRE,,8,54.0,True
110380424,1,576,24,SELL,WOOL,1,1,True
110380424,1,576,24,HIRE,,9,88.0,True
110380424,0,577,24,SELL,WOOL,1,5,True
110380424,0,577,24,HIRE,,3,178.0,True
110380424,1,577,24,SELL,WOOL,1,5,True
110380424,1,577,24,SELL,EGG,6,356,True
110380424,1,577,24,SELL,FERTILIZER,9,232,True
110380424,1,577,24,BUY_PRODUCT,FERTILIZER,4,101,True
110380424,1,577,24,HIRE,,1,55.0,True
110380424,0,578,24,SELL,WHEAT,11,418,True
110380424,0,578,24,SELL,MILK,2,50,True
110380424,1,578,24,SELL,STRAWBERRY,10,980,True
110380424,0,579,24,SELL,MILK,3,58,True
110380424,1,579,24,BUY_PRODUCT,FERTILIZER,6,158,True
110380424,1,579,24,HIRE,,1,89.0,True
110380424,0,581,24,SELL,MILK,3,65,True
110380424,0,581,24,BUY_SEED,WHEAT,1,10,True
110380424,0,582,24,BUY_SEED,WHEAT,1,10,True
110380424,0,583,24,SELL,MILK,1,17,True
110380424,0,583,24,BUY_SEED,WHEAT,1,10,True
110380424,1,583,24,SELL,STRAWBERRY,9,786,True
110380424,1,583,24,BUY_SEED,WHEAT,1,10,True
110380424,0,584,24,BUY_SEED,WHEAT,1,10,True
110380424,1,584,24,SELL,STRAWBERRY,3,228,True
110380424,1,584,24,SELL,WHEAT,8,303,True
110380424,1,584,24,BUY_SEED,WHEAT,1,10,True
110380424,0,585,24,SELL,MILK,2,46,True
110380424,0,585,24,SELL,STRAWBERRY,2,158,True
110380424,0,586,24,SELL,WHEAT,4,152,True
110380424,0,586,24,BUY_SEED,WHEAT,1,10,True
110380424,1,586,24,BUY_SEED,WHEAT,2,20,True
110380424,0,587,24,SELL,MILK,5,75,True
110380424,0,587,24,BUY_SEED,WHEAT,1,10,True
110380424,0,588,24,BUY_SEED,WHEAT,1,10,True
110380424,0,589,24,SELL,MILK,2,32,True
110380424,0,589,24,SELL,STRAWBERRY,2,166,True
110380424,0,589,24,BUY_SEED,WHEAT,6,60,True
110380424,1,589,24,SELL,WHEAT,2,76,True
110380424,1,589,24,BUY_SEED,WHEAT,2,20,True
110380424,0,590,24,SELL,MILK,2,22,True
110380424,0,590,24,BUY_SEED,WHEAT,1,10,True
110380424,1,590,24,SELL,MILK,6,32,True
110380424,1,590,24,BUY_SEED,CARROT,1,20,True
110380424,0,591,24,SELL,MILK,1,1,True
110380424,0,591,24,SELL,WHEAT,4,152,True
110380424,0,591,24,BUY_SEED,WHEAT,1,10,True
110380424,1,591,24,BUY_SEED,CARROT,1,20,True
110380424,0,592,24,SELL,MILK,1,1,True
110380424,0,592,24,BUY_SEED,WHEAT,1,10,True
110380424,0,593,24,SELL,STRAWBERRY,2,172,True
110380424,0,593,24,SELL,MILK,1,9,True
110380424,0,593,24,SELL,WHEAT,1,38,True
110380424,0,593,24,BUY_SEED,WHEAT,1,10,True
110380424,0,594,24,BUY_SEED,WHEAT,1,10,True
110380424,1,594,24,BUY_SEED,CARROT,1,20,True
110380424,1,594,24,BUY_SEED,WHEAT,1,10,True
110380424,0,595,24,BUY_SEED,WHEAT,1,10,True
110380424,1,595,24,SELL,WOOL,2,2,True
110380424,1,595,24,BUY_SEED,CARROT,1,20,True
110380424,1,595,24,BUY_SEED,WHEAT,1,10,True
110380424,1,596,24,SELL,WHEAT,3,114,True
110380424,1,596,24,BUY_SEED,WHEAT,1,10,True
110380424,0,597,24,SELL,STRAWBERRY,3,267,True
110380424,0,597,24,SELL,MILK,1,15,True
110380424,0,597,24,SELL,WOOL,1,1,True
110380424,1,597,24,SELL,WOOL,2,2,True
110380424,0,598,24,SELL,WHEAT,13,490,True
110380424,0,598,24,SELL,FERTILIZER,1,27,True
110380424,0,599,24,SELL,WOOL,1,1,True
110380424,1,599,24,SELL,WHEAT,2,74,True
110380424,0,600,25,SELL,FERTILIZER,4,105,True
110380424,0,600,25,HIRE,,8,54.0,True
110380424,1,600,25,SELL,STRAWBERRY,2,169,True
110380424,1,600,25,SELL,FERTILIZER,9,225,True
110380424,1,600,25,SELL,EGG,4,240,True
110380424,1,600,25,HIRE,,6,20.0,True
110380424,0,601,25,SELL,MILK,2,43,True
110380424,0,601,25,SELL,WOOL,1,1,True
110380424,0,601,25,HIRE,,3,178.0,True
110380424,1,601,25,SELL,MILK,1,24,True
110380424,1,601,25,SELL,FERTILIZER,2,48,True
110380424,1,601,25,BUY_PRODUCT,FERTILIZER,2,48,True
110380424,1,601,25,HIRE,,4,123.0,True
110380424,1,602,25,SELL,MILK,1,17,True
110380424,1,602,25,SELL,FERTILIZER,2,48,True
110380424,1,603,25,SELL,FERTILIZER,2,47,True
110380424,1,603,25,BUY_PRODUCT,FERTILIZER,5,119,True
110380424,1,603,25,HIRE,,1,89.0,True
110380424,1,604,25,SELL,MILK,1,15,True
110380424,0,605,25,SELL,MILK,3,58,True
110380424,1,605,25,SELL,STRAWBERRY,1,99,True
110380424,1,605,25,BUY_SEED,CARROT,1,20,True
110380424,0,606,25,SELL,WHEAT,5,190,True
110380424,0,606,25,BUY_SEED,WHEAT,1,10,True
110380424,1,606,25,SELL,STRAWBERRY,1,97,True
110380424,1,606,25,SELL,FERTILIZER,1,24,True
110380424,0,607,25,SELL,MILK,3,39,True
110380424,0,607,25,BUY_SEED,WHEAT,1,10,True
110380424,1,607,25,SELL,STRAWBERRY,1,95,True
110380424,0,608,25,BUY_SEED,WHEAT,1,10,True
110380424,1,608,25,SELL,STRAWBERRY,1,93,True
110380424,1,608,25,BUY_SEED,CARROT,2,40,True
110380424,0,609,25,SELL,MILK,2,30,True
110380424,0,609,25,SELL,STRAWBERRY,3,287,True
110380424,1,609,25,SELL,MILK,3,39,True
110380424,1,609,25,SELL,STRAWBERRY,1,99,True
110380424,1,609,25,BUY_SEED,CARROT,1,20,True
110380424,0,610,25,BUY_SEED,WHEAT,1,10,True
110380424,1,610,25,SELL,MILK,3,15,True
110380424,1,610,25,SELL,STRAWBERRY,4,352,True
110380424,1,610,25,BUY_SEED,CARROT,1,20,True
110380424,0,611,25,SELL,WHEAT,4,152,True
110380424,0,611,25,SELL,MILK,1,1,True
110380424,0,611,25,BUY_SEED,WHEAT,1,10,True
110380424,1,611,25,BUY_SEED,CARROT,1,20,True
110380424,0,612,25,BUY_SEED,WHEAT,1,10,True
110380424,1,612,25,SELL,WHEAT,5,189,True
110380424,1,612,25,BUY_SEED,CARROT,1,20,True
110380424,0,613,25,SELL,STRAWBERRY,2,180,True
110380424,0,613,25,SELL,MILK,2,2,True
110380424,0,613,25,BUY_SEED,WHEAT,1,10,True
110380424,1,613,25,SELL,MILK,5,25,True
110380424,1,613,25,BUY_SEED,CARROT,1,20,True
110380424,0,614,25,SELL,MILK,2,2,True
110380424,0,614,25,BUY_SEED,WHEAT,1,10,True
110380424,1,614,25,SELL,WHEAT,10,375,True
110380424,0,615,25,BUY_SEED,WHEAT,1,10,True
110380424,0,616,25,SELL,MILK,1,1,True
110380424,0,616,25,BUY_SEED,WHEAT,1,10,True
110380424,1,616,25,SELL,WHEAT,5,185,True
110380424,1,616,25,BUY_SEED,CARROT,1,20,True
110380424,0,617,25,SELL,STRAWBERRY,2,188,True
110380424,0,617,25,SELL,MILK,1,9,True
110380424,0,617,25,BUY_SEED,WHEAT,1,10,True
110380424,1,617,25,SELL,FERTILIZER,1,24,True
110380424,1,617,25,BUY_SEED,CARROT,1,20,True
110380424,0,618,25,SELL,WHEAT,3,111,True
110380424,0,618,25,BUY_SEED,WHEAT,1,10,True
110380424,0,619,25,BUY_SEED,WHEAT,1,10,True
110380424,0,620,25,BUY_SEED,WHEAT,1,10,True
110380424,1,620,25,BUY_SEED,CARROT,1,20,True
110380424,0,621,25,SELL,STRAWBERRY,3,291,True
110380424,0,621,25,SELL,MILK,2,28,True
110380424,1,621,25,BUY_SEED,CARROT,3,60,True
110380424,0,622,25,SELL,WHEAT,7,259,True
110380424,0,623,25,SELL,WOOL,1,1,True
110380424,1,623,25,SELL,WHEAT,17,628,True
110380424,1,623,25,SELL,FERTILIZER,1,24,True
110380424,0,624,26,SELL,WHEAT,19,684,True
110380424,0,624,26,SELL,FERTILIZER,4,92,True
110380424,0,624,26,HIRE,,8,54.0,True
110380424,1,624,26,SELL,WOOL,2,2,True
110380424,1,624,26,SELL,FERTILIZER,4,92,True
110380424,1,624,26,BUY_PRODUCT,FERTILIZER,1,22,True
110380424,1,624,26,HIRE,,7,33.0,True
110380424,0,625,26,SELL,MILK,1,22,True
110380424,0,625,26,HIRE,,3,178.0,True
110380424,1,625,26,SELL,EGG,6,366,True
110380424,1,625,26,BUY_PRODUCT,FERTILIZER,2,45,True
110380424,1,625,26,SELL,FERTILIZER,3,67,True
110380424,1,625,26,HIRE,,3,110.0,True
110380424,0,626,26,SELL,WHEAT,10,359,True
110380424,1,626,26,SELL,FERTILIZER,3,66,True
110380424,1,627,26,SELL,FERTILIZER,2,42,True
110380424,1,627,26,BUY_PRODUCT,FERTILIZER,6,130,True
110380424,1,627,26,HIRE,,1,89.0,True
110380424,0,628,26,BUY_SEED,WHEAT,1,10,True
110380424,1,628,26,SELL,FERTILIZER,1,22,True
110380424,0,629,26,SELL,MILK,2,52,True
110380424,0,629,26,BUY_SEED,WHEAT,1,10,True
110380424,1,629,26,SELL,MILK,2,52,True
110380424,1,629,26,SELL,FERTILIZER,1,22,True
110380424,0,630,26,SELL,WHEAT,3,108,True
110380424,0,630,26,BUY_SEED,WHEAT,1,10,True
110380424,1,630,26,SELL,MILK,4,64,True
110380424,0,631,26,BUY_SEED,WHEAT,1,10,True
110380424,1,631,26,BUY_SEED,CARROT,1,20,True
110380424,0,632,26,BUY_SEED,WHEAT,1,10,True
110380424,1,632,26,SELL,WHEAT,10,352,True
110380424,1,632,26,BUY_SEED,CARROT,2,40,True
110380424,0,633,26,SELL,MILK,2,36,True
110380424,0,633,26,SELL,STRAWBERRY,3,348,True
110380424,0,633,26,BUY_SEED,WHEAT,1,10,True
110380424,0,634,26,BUY_SEED,WHEAT,1,10,True
110380424,1,634,26,SELL,WHEAT,9,315,True
110380424,0,635,26,SELL,MILK,4,48,True
110380424,0,635,26,SELL,STRAWBERRY,2,222,True
110380424,0,635,26,SELL,WHEAT,2,70,True
110380424,0,635,26,BUY_SEED,WHEAT,1,10,True
110380424,1,635,26,BUY_SEED,CARROT,2,40,True
110380424,0,636,26,BUY_SEED,WHEAT,1,10,True
110380424,0,636,26,BUY_SEED,CARROT,6,120,True
110380424,1,636,26,BUY_SEED,CARROT,1,20,True
110380424,0,637,26,SELL,MILK,2,28,True
110380424,0,637,26,SELL,STRAWBERRY,2,230,True
110380424,0,637,26,SELL,WHEAT,1,35,True
110380424,0,637,26,BUY_SEED,WHEAT,1,10,True
110380424,0,638,26,SELL,MILK,1,11,True
110380424,0,638,26,SELL,STRAWBERRY,2,222,True
110380424,0,638,26,BUY_SEED,WHEAT,1,10,True
110380424,1,638,26,BUY_SEED,CARROT,1,20,True
110380424,0,639,26,SELL,STRAWBERRY,2,215,True
110380424,0,639,26,SELL,MILK,1,9,True
110380424,0,639,26,BUY_SEED,WHEAT,1,10,True
110380424,0,640,26,BUY_SEED,WHEAT,1,10,True
110380424,1,640,26,SELL,FERTILIZER,1,22,True
110380424,1,640,26,BUY_SEED,CARROT,2,40,True
110380424,0,641,26,SELL,STRAWBERRY,2,222,True
110380424,0,641,26,SELL,MILK,1,15,True
110380424,0,641,26,BUY_SEED,WHEAT,1,10,True
110380424,0,642,26,BUY_SEED,WHEAT,1,10,True
110380424,1,642,26,SELL,STRAWBERRY,2,215,True
110380424,1,642,26,BUY_SEED,CARROT,1,20,True
110380424,1,643,26,SELL,STRAWBERRY,2,208,True
110380424,0,644,26,SELL,FERTILIZER,4,85,True
110380424,1,644,26,SELL,STRAWBERRY,2,200,True
110380424,1,644,26,BUY_SEED,CARROT,1,20,True
110380424,0,645,26,SELL,MILK,6,97,True
110380424,0,645,26,SELL,STRAWBERRY,3,303,True
110380424,0,645,26,SELL,WOOL,1,5,True
110380424,1,645,26,BUY_SEED,WHEAT,1,10,True
110380424,1,645,26,SELL,STRAWBERRY,15,1294,True
110380424,0,647,26,SELL,STRAWBERRY,3,204,True
110380424,1,647,26,SELL,WHEAT,8,284,True
110380424,0,648,27,SELL,WHEAT,23,798,True
110380424,0,648,27,SELL,TOMATO,6,456,True
110380424,0,648,27,HIRE,,8,54.0,True
110380424,1,648,27,HIRE,,10,143.0,True
110380424,0,649,27,HIRE,,3,178.0,True
110380424,1,649,27,SELL,WHEAT,6,204,True
110380424,1,649,27,SELL,WOOL,4,8,True
110380424,1,649,27,SELL,EGG,2,124,True
110380424,1,649,27,SELL,FERTILIZER,18,345,True
110380424,1,649,27,BUY_PRODUCT,FERTILIZER,2,36,True
110380424,0,650,27,SELL,FERTILIZER,2,35,True
110380424,1,650,27,SELL,FERTILIZER,1,18,True
110380424,1,652,27,BUY_SEED,WHEAT,2,20,True
110380424,0,653,27,SELL,MILK,3,78,True
110380424,1,653,27,BUY_SEED,WHEAT,1,10,True
110380424,1,654,27,BUY_SEED,WHEAT,1,10,True
110380424,0,655,27,SELL,MILK,3,58,True
110380424,0,657,27,SELL,MILK,2,46,True
110380424,1,657,27,BUY_SEED,WHEAT,2,20,True
110380424,0,658,27,SELL,WHEAT,10,343,True
110380424,0,658,27,BUY_SEED,WHEAT,1,10,True
110380424,1,658,27,SELL,WHEAT,10,343,True
110380424,1,658,27,BUY_SEED,WHEAT,1,10,True
110380424,0,659,27,SELL,WHEAT,5,169,True
110380424,0,659,27,BUY_SEED,WHEAT,1,10,True
110380424,1,659,27,BUY_SEED,CARROT,1,20,True
110380424,0,660,27,BUY_SEED,WHEAT,1,10,True
110380424,1,660,27,SELL,WHEAT,5,165,True
110380424,0,661,27,SELL,STRAWBERRY,2,192,True
110380424,0,661,27,SELL,MILK,2,50,True
110380424,0,661,27,BUY_SEED,WHEAT,1,10,True
110380424,1,661,27,SELL,MILK,1,28,True
110380424,0,662,27,SELL,STRAWBERRY,2,184,True
110380424,0,662,27,SELL,WHEAT,4,132,True
110380424,0,662,27,BUY_SEED,WHEAT,1,10,True
110380424,1,662,27,SELL,MILK,1,22,True
110380424,1,662,27,BUY_SEED,CARROT,1,20,True
110380424,0,663,27,SELL,MILK,1,19,True
110380424,0,663,27,BUY_SEED,WHEAT,1,10,True
110380424,1,663,27,BUY_SEED,WHEAT,1,10,True
110380424,0,664,27,BUY_SEED,WHEAT,1,10,True
110380424,0,665,27,SELL,STRAWBERRY,2,192,True
110380424,0,665,27,SELL,MILK,1,11,True
110380424,1,665,27,SELL,MILK,7,136,True
110380424,0,667,27,BUY_SEED,WHEAT,1,10,True
110380424,0,668,27,SELL,WHEAT,5,167,True
110380424,1,668,27,SELL,STRAWBERRY,6,529,True
110380424,1,668,27,SELL,MILK,2,16,True
110380424,1,668,27,SELL,FERTILIZER,1,17,True
110380424,0,669,27,SELL,STRAWBERRY,2,176,True
110380424,0,669,27,SELL,MILK,1,13,True
110380424,0,670,27,SELL,WHEAT,10,333,True
110380424,0,670,27,SELL,TOMATO,2,154,True
110380424,0,671,27,SELL,WHEAT,1,33,True
110380424,0,671,27,SELL,WOOL,1,1,True
110380424,1,671,27,SELL,WHEAT,22,712,True
110380424,0,672,28,SELL,WHEAT,13,402,True
110380424,0,672,28,SELL,FERTILIZER,3,50,True
110380424,0,672,28,HIRE,,8,54.0,True
110380424,1,672,28,SELL,STRAWBERRY,3,251,True
110380424,1,672,28,HIRE,,9,88.0,True
110380424,0,673,28,HIRE,,2,89.0,True
110380424,1,673,28,SELL,MILK,8,113,True
110380424,1,673,28,SELL,FERTILIZER,10,153,True
110380424,1,673,28,SELL,WHEAT,2,62,True
110380424,1,673,28,SELL,WOOL,3,7,True
110380424,1,673,28,SELL,CARROT,2,90,True
110380424,1,673,28,HIRE,,2,144.0,True
110380424,0,674,28,SELL,WHEAT,6,184,True
110380424,0,677,28,SELL,MILK,2,24,True
110380424,1,677,28,SELL,CARROT,3,135,True
110380424,0,678,28,SELL,WHEAT,13,394,True
110380424,1,678,28,SELL,CARROT,3,132,True
110380424,1,679,28,SELL,CARROT,3,132,True
110380424,0,681,28,SELL,STRAWBERRY,2,208,True
110380424,1,681,28,SELL,CARROT,7,308,True
110380424,0,682,28,SELL,MILK,5,65,True
110380424,1,683,28,SELL,CARROT,3,130,True
110380424,0,684,28,SELL,STRAWBERRY,2,200,True
110380424,0,685,28,SELL,STRAWBERRY,2,208,True
110380424,0,685,28,SELL,MILK,2,28,True
110380424,1,685,28,SELL,WHEAT,16,480,True
110380424,0,686,28,SELL,STRAWBERRY,2,200,True
110380424,0,686,28,SELL,MILK,1,11,True
110380424,0,688,28,SELL,WHEAT,10,285,True
110380424,0,689,28,SELL,STRAWBERRY,2,208,True
110380424,0,690,28,SELL,STRAWBERRY,2,200,True
110380424,1,691,28,SELL,WHEAT,6,169,True
110380424,0,692,28,SELL,WHEAT,10,261,True
110380424,0,692,28,SELL,FERTILIZER,4,54,True
110380424,0,692,28,SELL,MILK,4,56,True
110380424,1,692,28,SELL,FERTILIZER,2,28,True
110380424,0,693,28,SELL,MILK,12,84,True
110380424,0,693,28,SELL,STRAWBERRY,2,206,True
110380424,1,693,28,SELL,EGG,4,256,True
110380424,1,693,28,SELL,STRAWBERRY,17,1459,True
110380424,1,693,28,SELL,MILK,6,6,True
110380424,0,694,28,SELL,TOMATO,6,468,True
110380424,0,694,28,SELL,CARROT,2,87,True
110380424,1,694,28,SELL,WHEAT,5,128,True
110380424,0,695,28,SELL,STRAWBERRY,2,134,True
110380424,0,695,28,SELL,WOOL,1,1,True
110380424,1,695,28,SELL,WHEAT,5,119,True
110380424,1,695,28,SELL,FERTILIZER,3,39,True
110380424,0,696,29,SELL,WHEAT,27,601,True
110380424,0,696,29,SELL,FERTILIZER,1,12,True
110380424,0,696,29,HIRE,,8,54.0,True
110380424,1,696,29,SELL,WHEAT,36,795,True
110380424,1,696,29,HIRE,,9,88.0,True
110380424,0,697,29,SELL,STRAWBERRY,2,146,True
110380424,0,697,29,HIRE,,2,89.0,True
110380424,1,697,29,SELL,CARROT,33,1395,True
110380424,1,697,29,SELL,EGG,8,512,True
110380424,1,697,29,SELL,WOOL,3,7,True
110380424,1,697,29,BUY_PRODUCT,FERTILIZER,2,25,True
110380424,1,697,29,SELL,FERTILIZER,1,13,True
110380424,1,697,29,HIRE,,2,144.0,True
110380424,0,698,29,SELL,WHEAT,10,213,True
110380424,1,698,29,SELL,FERTILIZER,7,82,True
110380424,0,699,29,SELL,FERTILIZER,2,22,True
110380424,0,701,29,SELL,STRAWBERRY,2,154,True
110380424,0,701,29,SELL,MILK,2,36,True
110380424,0,702,29,SELL,WHEAT,17,357,True
110380424,0,705,29,SELL,MILK,2,46,True
110380424,0,705,29,SELL,STRAWBERRY,2,162,True
110380424,1,705,29,SELL,WHEAT,2,42,True
110380424,1,707,29,SELL,CARROT,3,123,True
110380424,0,709,29,SELL,MILK,1,28,True
110380424,0,709,29,SELL,STRAWBERRY,1,85,True
110380424,0,710,29,SELL,STRAWBERRY,1,84,True
110380424,0,710,29,SELL,MILK,1,26,True
110380424,0,710,29,SELL,WOOL,1,1,True
110380424,0,710,29,SELL,TOMATO,1,79,True
110380424,0,710,29,SELL,FERTILIZER,1,11,True
110380424,0,710,29,SELL,CARROT,1,41,True
110380424,1,710,29,SELL,EGG,2,128,True
110380424,1,710,29,SELL,WHEAT,2,42,True
110380424,1,710,29,SELL,WOOL,1,1,True
110380424,0,711,29,SELL,STRAWBERRY,1,82,True
110380424,0,711,29,SELL,MILK,1,24,True
110380424,0,711,29,SELL,WOOL,1,1,True
110380424,0,711,29,SELL,TOMATO,1,79,True
110380424,0,711,29,SELL,FERTILIZER,1,10,True
110380424,0,711,29,SELL,CARROT,1,41,True
110380424,1,711,29,SELL,CARROT,5,205,True
110380424,1,711,29,SELL,WHEAT,2,42,True
110380424,0,712,29,SELL,STRAWBERRY,1,80,True
110380424,0,712,29,SELL,MILK,1,22,True
110380424,0,712,29,SELL,WOOL,1,1,True
110380424,0,712,29,SELL,TOMATO,1,78,True
110380424,0,712,29,SELL,FERTILIZER,1,10,True
110380424,1,712,29,SELL,WHEAT,8,168,True
110380424,0,713,29,SELL,STRAWBERRY,1,85,True
110380424,0,713,29,SELL,MILK,1,28,True
110380424,0,713,29,SELL,WOOL,1,1,True
110380424,0,713,29,SELL,TOMATO,1,79,True
110380424,0,713,29,SELL,FERTILIZER,1,10,True
110380424,0,713,29,SELL,CARROT,1,41,True
110380424,0,713,29,SELL,WHEAT,3,63,True
110380424,0,714,29,SELL,STRAWBERRY,1,84,True
110380424,0,714,29,SELL,MILK,1,26,True
110380424,0,714,29,SELL,FERTILIZER,1,10,True
110380424,0,714,29,SELL,CARROT,1,40,True
110380424,0,714,29,SELL,WHEAT,3,63,True
110380424,0,715,29,SELL,STRAWBERRY,1,82,True
110380424,0,715,29,SELL,MILK,1,24,True
110380424,0,715,29,SELL,TOMATO,1,78,True
110380424,0,715,29,SELL,FERTILIZER,1,10,True
110380424,0,715,29,SELL,CARROT,1,39,True
110380424,0,715,29,SELL,WHEAT,8,168,True
110380424,1,715,29,SELL,CARROT,17,675,True
110380424,1,715,29,SELL,WHEAT,6,126,True
110380424,1,715,29,SELL,EGG,1,64,True
110380424,0,716,29,SELL,MILK,1,22,True
110380424,0,716,29,SELL,FERTILIZER,1,9,True
110380424,0,716,29,SELL,CARROT,2,76,True
110380424,0,716,29,SELL,WHEAT,12,252,True
110380424,1,716,29,SELL,CARROT,9,348,True
110380424,1,716,29,SELL,FERTILIZER,2,18,True
110380424,1,716,29,SELL,WHEAT,2,42,True
110380424,1,716,29,SELL,EGG,1,64,True
110380424,0,717,29,SELL,STRAWBERRY,2,172,True
110380424,0,717,29,SELL,MILK,1,3,True
110380424,0,717,29,SELL,TOMATO,1,79,True
110380424,0,717,29,SELL,FERTILIZER,1,8,True
110380424,0,717,29,SELL,CARROT,4,152,True
110380424,0,717,29,SELL,WHEAT,17,357,True
110380424,1,717,29,SELL,MILK,12,196,True
110380424,1,717,29,SELL,FERTILIZER,3,26,True
110380424,1,717,29,SELL,WHEAT,3,63,True
110380424,0,718,29,SELL,STRAWBERRY,2,166,True
110380424,0,718,29,SELL,TOMATO,3,234,True
110380424,0,718,29,SELL,FERTILIZER,2,16,True
110380424,0,718,29,SELL,CARROT,3,113,True
110380424,0,718,29,SELL,WHEAT,16,336,True
110380424,1,718,29,SELL,CARROT,3,114,True
110380424,1,718,29,SELL,WHEAT,2,42,True
110380424,1,718,29,SELL,WOOL,1,1,True
