episode_id,opponent,seat,result,margin,cohort,shop_pair,shops,inferred_plan,exact_worker_agreement,different_market_steps,first_worker_difference,first_market_difference,own_money_step1,own_hands_step1,own_cow_step1,own_sheep_step1,own_quadrants_step1,own_money_step2,own_hands_step2,own_cow_step2,own_sheep_step2,own_quadrants_step2,own_money_step17,own_hands_step17,own_cow_step17,own_sheep_step17,own_quadrants_step17,own_money_step23,own_hands_step23,own_cow_step23,own_sheep_step23,own_quadrants_step23,own_money_step24,own_hands_step24,own_cow_step24,own_sheep_step24,own_quadrants_step24,own_money_step25,own_hands_step25,own_cow_step25,own_sheep_step25,own_quadrants_step25,own_money_step48,own_hands_step48,own_cow_step48,own_sheep_step48,own_quadrants_step48,own_money_step72,own_hands_step72,own_cow_step72,own_sheep_step72,own_quadrants_step72,own_money_step144,own_hands_step144,own_cow_step144,own_sheep_step144,own_quadrants_step144,step24_hires_filled,day0_wheat_seeds_bought,day1_wheat_bought,step0_orders,step0_opponent_orders,own_final_stock_units,own_final_crop_yield,cash_residual,own_sold_WHEAT,opp_sold_WHEAT,own_avg_price_WHEAT,opp_avg_price_WHEAT,net_receipts_gap_WHEAT,own_harvested_WHEAT,opp_harvested_WHEAT,own_sold_CARROT,opp_sold_CARROT,own_avg_price_CARROT,opp_avg_price_CARROT,net_receipts_gap_CARROT,own_harvested_CARROT,opp_harvested_CARROT,own_sold_TOMATO,opp_sold_TOMATO,own_avg_price_TOMATO,opp_avg_price_TOMATO,net_receipts_gap_TOMATO,own_harvested_TOMATO,opp_harvested_TOMATO,own_sold_STRAWBERRY,opp_sold_STRAWBERRY,own_avg_price_STRAWBERRY,opp_avg_price_STRAWBERRY,net_receipts_gap_STRAWBERRY,own_harvested_STRAWBERRY,opp_harvested_STRAWBERRY,own_sold_MELON,opp_sold_MELON,own_avg_price_MELON,opp_avg_price_MELON,net_receipts_gap_MELON,own_harvested_MELON,opp_harvested_MELON,own_sold_EGG,opp_sold_EGG,own_avg_price_EGG,opp_avg_price_EGG,net_receipts_gap_EGG,own_harvested_EGG,opp_harvested_EGG,own_sold_MILK,opp_sold_MILK,own_avg_price_MILK,opp_avg_price_MILK,net_receipts_gap_MILK,own_harvested_MILK,opp_harvested_MILK,own_sold_WOOL,opp_sold_WOOL,own_avg_price_WOOL,opp_avg_price_WOOL,net_receipts_gap_WOOL,own_harvested_WOOL,opp_harvested_WOOL,own_sold_FERTILIZER,opp_sold_FERTILIZER,own_avg_price_FERTILIZER,opp_avg_price_FERTILIZER,net_receipts_gap_FERTILIZER,own_harvested_FERTILIZER,opp_harvested_FERTILIZER,other_expenses_gap,same_product_sale_quantities,review_group,opening_no_day1_hands,opening_understaffed_day1,own_feed_without_wheat_requests,own_weed_blocked_requests,largest_cash_gap,largest_cash_gap_coins,replay_url
108145550,Skyspace,1,L,-37042,submission_loss,PIZZA_SHOP / FARMERS_MARKET,"[""PIZZA_SHOP"", ""FARMERS_MARKET"", ""BAKERY"", ""SMOOTHIE_SHOP"", ""FARMERS_MARKET"", ""FARMERS_MARKET"", ""PIZZA_SHOP"", ""FARMERS_MARKET""]",0,0.6369958275382476,175,434,0,2630.0,0.0,0.0,0.0,1.0,1056.0,5.0,0.0,0.0,1.0,216.0,5.0,2.0,2.0,1.0,26.0,5.0,2.0,2.0,1.0,26.0,0.0,2.0,2.0,1.0,22.0,3.0,2.0,2.0,1.0,85.0,0.0,2.0,2.0,1.0,198.0,0.0,3.0,2.0,1.0,801.0,0.0,4.0,2.0,1.0,3.0,7.0,8.0,"[[""BUY_PRODUCT"", ""WHEAT"", 13]]","[[""BUY_PRODUCT"", ""WHEAT"", 13], [""SELL"", ""WHEAT"", 13], [""BUY_PRODUCT"", ""WHEAT"", 13]]",0.0,0.0,0.0,292.0,305.0,43.45890410958904,42.87868852459017,-1.0,517.0,517.0,84.0,84.0,56.023809523809526,56.142857142857146,-10.0,84.0,84.0,0.0,80.0,,509.4,-40752.0,0.0,80.0,249.0,249.0,118.71887550200803,129.51004016064257,-2687.0,249.0,249.0,72.0,72.0,198.15277777777777,198.15277777777777,0.0,72.0,72.0,78.0,78.0,51.833333333333336,51.92307692307692,-7.0,78.0,78.0,245.0,245.0,65.57142857142857,72.33469387755102,-1657.0,245.0,245.0,161.0,161.0,34.21739130434783,34.63354037267081,-67.0,161.0,161.0,342.0,344.0,41.94736842105263,42.151162790697676,-55.0,0.0,0.0,8194.0,False,Different production mix,False,False,0.0,0.0,TOMATO,-40752.0,https://www.kaggle.com/competitions/kaggriculture/episodes/108145550
108214006,ultimatum_game,0,L,-21023,submission_loss,PIZZA_SHOP / SMOOTHIE_SHOP,"[""PIZZA_SHOP"", ""SMOOTHIE_SHOP"", ""ICE_CREAM_SHOP"", ""PIZZA_SHOP"", ""PET_CAFE"", ""BRUNCH_SPOT"", ""BAKERY"", ""PET_CAFE""]",0,0.7134909596662031,274,94,0,2630.0,0.0,0.0,0.0,1.0,1042.0,5.0,0.0,0.0,1.0,202.0,5.0,2.0,2.0,1.0,12.0,5.0,2.0,2.0,1.0,12.0,0.0,2.0,2.0,1.0,8.0,3.0,2.0,2.0,1.0,101.0,0.0,2.0,2.0,1.0,214.0,0.0,3.0,2.0,1.0,787.0,0.0,4.0,2.0,1.0,3.0,7.0,7.0,"[[""BUY_PRODUCT"", ""WHEAT"", 13]]","[[""BUY_PRODUCT"", ""WHEAT"", 43], [""SELL"", ""WHEAT"", 22], [""SELL"", ""WHEAT"", 20]]",0.0,0.0,0.0,291.0,353.0,40.86254295532646,40.24645892351275,-1345.0,517.0,517.0,84.0,93.0,48.44047619047619,48.46236559139785,-438.0,84.0,93.0,0.0,0.0,,,0.0,0.0,0.0,249.0,241.0,95.72289156626506,96.42738589211618,596.0,249.0,241.0,72.0,72.0,198.15277777777777,198.15277777777777,0.0,72.0,72.0,78.0,0.0,52.32051282051282,,4081.0,78.0,0.0,245.0,364.0,210.29795918367347,208.8598901098901,-24502.0,245.0,367.0,161.0,48.0,36.60248447204969,106.35416666666667,788.0,161.0,48.0,342.0,332.0,42.63157894736842,42.80722891566265,384.0,0.0,0.0,-587.0,False,Different production mix,False,False,0.0,0.0,MILK,-24502.0,https://www.kaggle.com/competitions/kaggriculture/episodes/108214006
108365255,JAZ COLD HORN,0,L,-17597,submission_loss,BRUNCH_SPOT / SMOOTHIE_SHOP,"[""BRUNCH_SPOT"", ""SMOOTHIE_SHOP"", ""FARMERS_MARKET"", ""PIZZA_SHOP"", ""PIZZA_SHOP"", ""PIZZA_SHOP"", ""PIZZA_SHOP"", ""BAKERY""]",0,0.6369958275382476,175,434,0,2630.0,0.0,0.0,0.0,1.0,1056.0,5.0,0.0,0.0,1.0,216.0,5.0,2.0,2.0,1.0,26.0,5.0,2.0,2.0,1.0,26.0,0.0,2.0,2.0,1.0,22.0,3.0,2.0,2.0,1.0,85.0,0.0,2.0,2.0,1.0,198.0,0.0,3.0,2.0,1.0,801.0,0.0,4.0,2.0,1.0,3.0,7.0,8.0,"[[""BUY_PRODUCT"", ""WHEAT"", 13]]","[[""BUY_PRODUCT"", ""WHEAT"", 13], [""SELL"", ""WHEAT"", 13], [""BUY_PRODUCT"", ""WHEAT"", 13]]",0.0,0.0,0.0,292.0,305.0,42.636986301369866,42.11147540983607,-11.0,517.0,517.0,84.0,84.0,40.07142857142857,40.25,-15.0,84.0,84.0,0.0,80.0,,275.4375,-22035.0,0.0,80.0,249.0,249.0,166.70281124497993,176.59036144578315,-2462.0,249.0,249.0,72.0,72.0,198.15277777777777,198.15277777777777,0.0,72.0,72.0,78.0,78.0,54.52564102564103,54.57692307692308,-4.0,78.0,78.0,245.0,245.0,135.31020408163266,140.01632653061225,-1153.0,245.0,245.0,161.0,161.0,34.21739130434783,34.63354037267081,-67.0,161.0,161.0,342.0,344.0,41.96491228070175,42.13662790697674,-44.0,0.0,0.0,8194.0,False,Different production mix,False,False,0.0,0.0,TOMATO,-22035.0,https://www.kaggle.com/competitions/kaggriculture/episodes/108365255
108325645,OceanMix,0,L,-15392,submission_loss,PET_CAFE / YARN_STORE,"[""PET_CAFE"", ""YARN_STORE"", ""YARN_STORE"", ""PET_CAFE"", ""PIZZA_SHOP"", ""FARMERS_MARKET"", ""SMOOTHIE_SHOP"", ""YARN_STORE""]",5,0.9248956884561892,701,2,0,2630.0,0.0,0.0,0.0,1.0,1052.0,5.0,0.0,0.0,1.0,212.0,5.0,2.0,2.0,1.0,22.0,5.0,2.0,2.0,1.0,22.0,0.0,2.0,2.0,1.0,18.0,3.0,2.0,2.0,1.0,81.0,0.0,2.0,2.0,1.0,194.0,0.0,3.0,2.0,1.0,798.0,0.0,4.0,2.0,1.0,3.0,7.0,8.0,"[[""BUY_PRODUCT"", ""WHEAT"", 13]]","[[""BUY_PRODUCT"", ""WHEAT"", 13], [""BUY_PRODUCT"", ""WHEAT"", 60], [""SELL"", ""WHEAT"", 60]]",0.0,0.0,0.0,275.0,428.0,29.650909090909092,30.014018691588785,289.0,517.0,517.0,84.0,84.0,88.54761904761905,89.14285714285714,-50.0,84.0,84.0,0.0,0.0,,,0.0,0.0,0.0,247.0,249.0,14.327935222672064,19.269076305220885,-1259.0,247.0,249.0,72.0,72.0,198.15277777777777,198.15277777777777,0.0,72.0,72.0,0.0,0.0,,,0.0,0.0,0.0,191.0,138.0,27.172774869109947,40.072463768115945,-340.0,191.0,138.0,251.0,311.0,236.29482071713147,236.80707395498393,-14337.0,251.0,311.0,325.0,341.0,41.56923076923077,40.686217008797655,-361.0,0.0,0.0,666.0,False,Different production mix,False,False,0.0,0.0,WOOL,-14337.0,https://www.kaggle.com/competitions/kaggriculture/episodes/108325645
108358878,Mark #3,1,L,-15313,submission_loss,FARMERS_MARKET / PIZZA_SHOP,"[""FARMERS_MARKET"", ""PIZZA_SHOP"", ""YARN_STORE"", ""YARN_STORE"", ""YARN_STORE"", ""BRUNCH_SPOT"", ""SMOOTHIE_SHOP"", ""BAKERY""]",0,0.45340751043115435,202,290,0,2630.0,0.0,0.0,0.0,1.0,1056.0,5.0,0.0,0.0,1.0,216.0,5.0,2.0,2.0,1.0,26.0,5.0,2.0,2.0,1.0,26.0,0.0,2.0,2.0,1.0,22.0,3.0,2.0,2.0,1.0,85.0,0.0,2.0,2.0,1.0,198.0,0.0,3.0,2.0,1.0,801.0,0.0,4.0,2.0,1.0,3.0,7.0,8.0,"[[""BUY_PRODUCT"", ""WHEAT"", 13]]","[[""BUY_PRODUCT"", ""WHEAT"", 13], [""BUY_PRODUCT"", ""WHEAT"", 30], [""SELL"", ""WHEAT"", 30]]",0.0,0.0,0.0,292.0,348.0,41.102739726027394,40.410919540229884,3506.0,517.0,543.0,84.0,84.0,43.0,43.23809523809524,-20.0,84.0,84.0,0.0,0.0,,,0.0,0.0,0.0,249.0,249.0,60.00401606425703,67.90361445783132,-1967.0,249.0,249.0,72.0,72.0,198.15277777777777,198.15277777777777,0.0,72.0,72.0,78.0,78.0,46.08974358974359,46.12820512820513,-3.0,78.0,78.0,245.0,245.0,37.6,41.53061224489796,-963.0,245.0,245.0,161.0,269.0,235.1055900621118,238.5018587360595,-26305.0,161.0,269.0,342.0,451.0,38.87134502923977,34.08203991130821,-1962.0,0.0,0.0,12401.0,False,Different production mix,False,False,0.0,0.0,WOOL,-26305.0,https://www.kaggle.com/competitions/kaggriculture/episodes/108358878
108143468,Van-Phuc Huynh,0,L,-13768,submission_loss,YARN_STORE / YARN_STORE,"[""YARN_STORE"", ""YARN_STORE"", ""PET_CAFE"", ""BRUNCH_SPOT"", ""YARN_STORE"", ""PIZZA_SHOP"", ""PET_CAFE"", ""BRUNCH_SPOT""]",12,0.4520166898470097,127,290,0,2630.0,0.0,0.0,0.0,1.0,1056.0,5.0,0.0,0.0,1.0,216.0,5.0,2.0,2.0,1.0,26.0,5.0,2.0,2.0,1.0,26.0,0.0,2.0,2.0,1.0,22.0,3.0,2.0,2.0,1.0,85.0,0.0,2.0,2.0,1.0,198.0,0.0,3.0,2.0,1.0,802.0,0.0,4.0,2.0,1.0,3.0,7.0,8.0,"[[""BUY_PRODUCT"", ""WHEAT"", 13]]","[[""BUY_PRODUCT"", ""WHEAT"", 13], [""SELL"", ""WHEAT"", 13], [""BUY_PRODUCT"", ""WHEAT"", 13]]",0.0,0.0,0.0,320.0,329.0,35.1625,35.0516717325228,4135.0,514.0,514.0,66.0,66.0,59.515151515151516,59.121212121212125,26.0,66.0,66.0,0.0,0.0,,,0.0,0.0,0.0,228.0,238.0,29.36842105263158,32.23529411764706,-976.0,228.0,238.0,72.0,72.0,198.15277777777777,198.15277777777777,0.0,72.0,72.0,0.0,0.0,,,0.0,0.0,0.0,114.0,114.0,42.28947368421053,47.166666666666664,-556.0,114.0,114.0,292.0,408.0,242.90753424657535,243.27450980392157,-28327.0,292.0,411.0,311.0,408.0,41.10932475884244,35.39705882352941,-1657.0,0.0,0.0,13587.0,False,Different production mix,False,False,11.0,0.0,WOOL,-28327.0,https://www.kaggle.com/competitions/kaggriculture/episodes/108143468
108202824,KouFu,0,L,-13539,submission_loss,PET_CAFE / YARN_STORE,"[""PET_CAFE"", ""YARN_STORE"", ""YARN_STORE"", ""PIZZA_SHOP"", ""PET_CAFE"", ""ICE_CREAM_SHOP"", ""PET_CAFE"", ""BRUNCH_SPOT""]",5,0.2878998609179416,421,70,0,2632.0,0.0,0.0,0.0,1.0,1052.0,5.0,0.0,0.0,1.0,212.0,5.0,2.0,2.0,1.0,22.0,5.0,2.0,2.0,1.0,22.0,0.0,2.0,2.0,1.0,18.0,3.0,2.0,2.0,1.0,81.0,0.0,2.0,2.0,1.0,194.0,0.0,3.0,2.0,1.0,798.0,0.0,4.0,2.0,1.0,3.0,7.0,8.0,"[[""BUY_PRODUCT"", ""WHEAT"", 13]]","[[""BUY_PRODUCT"", ""WHEAT"", 8]]",0.0,0.0,0.0,275.0,234.0,33.68727272727273,31.54700854700855,1873.0,517.0,474.0,84.0,143.0,71.30952380952381,75.55244755244755,-4814.0,84.0,143.0,0.0,0.0,,,0.0,0.0,0.0,247.0,249.0,15.275303643724696,14.91566265060241,59.0,247.0,249.0,72.0,72.0,198.30555555555554,197.65277777777777,47.0,72.0,72.0,0.0,0.0,,,0.0,0.0,0.0,191.0,136.0,29.727748691099478,40.845588235294116,123.0,191.0,136.0,251.0,306.0,233.92828685258965,234.25816993464053,-12967.0,251.0,306.0,325.0,296.0,42.793846153846154,44.0472972972973,388.0,0.0,0.0,1752.0,False,Different production mix,False,False,0.0,0.0,WOOL,-12967.0,https://www.kaggle.com/competitions/kaggriculture/episodes/108202824
108275597,Have a nice trip in USST,1,L,-8983,submission_loss,PIZZA_SHOP / PIZZA_SHOP,"[""PIZZA_SHOP"", ""PIZZA_SHOP"", ""BRUNCH_SPOT"", ""SMOOTHIE_SHOP"", ""PET_CAFE"", ""YARN_STORE"", ""PET_CAFE"", ""PET_CAFE""]",0,0.78442280945758,168,222,0,2630.0,0.0,0.0,0.0,1.0,1056.0,5.0,0.0,0.0,1.0,216.0,5.0,2.0,2.0,1.0,26.0,5.0,2.0,2.0,1.0,26.0,0.0,2.0,2.0,1.0,22.0,3.0,2.0,2.0,1.0,85.0,0.0,2.0,2.0,1.0,198.0,0.0,3.0,2.0,1.0,801.0,0.0,4.0,2.0,1.0,3.0,7.0,8.0,"[[""BUY_PRODUCT"", ""WHEAT"", 13]]","[[""BUY_PRODUCT"", ""WHEAT"", 13], [""BUY_PRODUCT"", ""WHEAT"", 30], [""SELL"", ""WHEAT"", 30]]",0.0,0.0,0.0,292.0,401.0,39.78767123287671,39.20199501246883,-3158.0,517.0,596.0,84.0,96.0,56.45238095238095,56.364583333333336,-669.0,84.0,96.0,0.0,0.0,,,0.0,0.0,0.0,249.0,249.0,57.02008032128514,61.566265060240966,-1132.0,249.0,249.0,72.0,72.0,198.15277777777777,198.15277777777777,0.0,72.0,72.0,78.0,72.0,51.94871794871795,52.06944444444444,303.0,78.0,78.0,245.0,266.0,169.22857142857143,171.51127819548873,-4161.0,245.0,266.0,161.0,139.0,50.50931677018634,69.71223021582733,-1558.0,161.0,139.0,342.0,352.0,42.89473684210526,41.88636363636363,526.0,0.0,0.0,866.0,False,Different production mix,False,False,0.0,0.0,MILK,-4161.0,https://www.kaggle.com/competitions/kaggriculture/episodes/108275597
108189787,cmasch,1,L,-8631,submission_loss,ICE_CREAM_SHOP / YARN_STORE,"[""ICE_CREAM_SHOP"", ""YARN_STORE"", ""PIZZA_SHOP"", ""PIZZA_SHOP"", ""PET_CAFE"", ""PIZZA_SHOP"", ""BAKERY"", ""ICE_CREAM_SHOP""]",6,0.3129346314325452,290,152,0,2630.0,0.0,0.0,0.0,1.0,1056.0,5.0,0.0,0.0,1.0,216.0,5.0,2.0,2.0,1.0,26.0,5.0,2.0,2.0,1.0,26.0,0.0,2.0,2.0,1.0,22.0,3.0,2.0,2.0,1.0,85.0,0.0,2.0,2.0,1.0,198.0,0.0,3.0,2.0,1.0,801.0,0.0,4.0,2.0,1.0,3.0,7.0,8.0,"[[""BUY_PRODUCT"", ""WHEAT"", 13]]","[[""BUY_PRODUCT"", ""WHEAT"", 13], [""BUY_PRODUCT"", ""WHEAT"", 30], [""SELL"", ""WHEAT"", 30]]",0.0,0.0,0.0,267.0,366.0,40.97378277153558,40.51092896174863,-1970.0,517.0,561.0,84.0,87.0,44.04761904761905,44.02298850574713,-130.0,84.0,87.0,0.0,80.0,,111.8375,-8947.0,0.0,80.0,249.0,249.0,51.036144578313255,55.397590361445786,-1086.0,249.0,249.0,72.0,72.0,198.15277777777777,198.15277777777777,0.0,72.0,72.0,0.0,78.0,,49.5,-3861.0,0.0,78.0,191.0,245.0,219.52879581151834,219.99591836734695,-11969.0,191.0,245.0,272.0,161.0,137.7941176470588,158.03726708074535,12036.0,272.0,161.0,337.0,349.0,41.00890207715133,42.117478510028654,203.0,0.0,0.0,7093.0,False,Different production mix,False,False,1.0,0.0,MILK,-11969.0,https://www.kaggle.com/competitions/kaggriculture/episodes/108189787
108319928,alex chilton,1,L,-8594,submission_loss,FARMERS_MARKET / PET_CAFE,"[""FARMERS_MARKET"", ""PET_CAFE"", ""SMOOTHIE_SHOP"", ""ICE_CREAM_SHOP"", ""PIZZA_SHOP"", ""PIZZA_SHOP"", ""SMOOTHIE_SHOP"", ""BAKERY""]",0,0.5869262865090403,354,152,0,2630.0,0.0,0.0,0.0,1.0,1056.0,5.0,0.0,0.0,1.0,216.0,5.0,2.0,2.0,1.0,26.0,5.0,2.0,2.0,1.0,26.0,0.0,2.0,2.0,1.0,22.0,3.0,2.0,2.0,1.0,85.0,0.0,2.0,2.0,1.0,198.0,0.0,3.0,2.0,1.0,801.0,0.0,4.0,2.0,1.0,3.0,7.0,8.0,"[[""BUY_PRODUCT"", ""WHEAT"", 13]]","[[""BUY_PRODUCT"", ""WHEAT"", 13], [""BUY_PRODUCT"", ""WHEAT"", 30], [""SELL"", ""WHEAT"", 30]]",0.0,0.0,0.0,292.0,516.0,38.66095890410959,36.79651162790697,-3854.0,517.0,573.0,84.0,85.0,64.8452380952381,64.75294117647059,-57.0,84.0,85.0,0.0,80.0,,128.825,-10306.0,0.0,80.0,249.0,249.0,152.97991967871485,158.55421686746988,-1388.0,249.0,249.0,72.0,72.0,198.15277777777777,198.15277777777777,0.0,72.0,72.0,78.0,73.0,44.37179487179487,44.61643835616438,204.0,78.0,73.0,245.0,242.0,103.45714285714286,109.9504132231405,-1261.0,245.0,242.0,161.0,99.0,34.267080745341616,55.61616161616162,11.0,161.0,99.0,342.0,358.0,42.3187134502924,41.1927374301676,185.0,0.0,0.0,7872.0,False,Different production mix,False,False,0.0,0.0,TOMATO,-10306.0,https://www.kaggle.com/competitions/kaggriculture/episodes/108319928
108321050,Shadowfishes,1,L,-8540,submission_loss,BRUNCH_SPOT / FARMERS_MARKET,"[""BRUNCH_SPOT"", ""FARMERS_MARKET"", ""YARN_STORE"", ""FARMERS_MARKET"", ""FARMERS_MARKET"", ""SMOOTHIE_SHOP"", ""SMOOTHIE_SHOP"", ""BRUNCH_SPOT""]",0,0.6161335187760779,168,341,0,2630.0,0.0,0.0,0.0,1.0,1056.0,5.0,0.0,0.0,1.0,216.0,5.0,2.0,2.0,1.0,26.0,5.0,2.0,2.0,1.0,26.0,0.0,2.0,2.0,1.0,22.0,3.0,2.0,2.0,1.0,85.0,0.0,2.0,2.0,1.0,198.0,0.0,3.0,2.0,1.0,801.0,0.0,4.0,2.0,1.0,3.0,7.0,8.0,"[[""BUY_PRODUCT"", ""WHEAT"", 13]]","[[""BUY_PRODUCT"", ""WHEAT"", 13], [""BUY_PRODUCT"", ""WHEAT"", 30], [""SELL"", ""WHEAT"", 30]]",0.0,0.0,0.0,292.0,429.0,40.62671232876713,40.37995337995338,-4518.0,517.0,585.0,84.0,85.0,56.833333333333336,55.89411764705882,23.0,84.0,85.0,0.0,80.0,,147.125,-11770.0,0.0,80.0,249.0,248.0,220.26104417670683,220.5040322580645,160.0,249.0,249.0,72.0,72.0,198.15277777777777,198.15277777777777,0.0,72.0,72.0,78.0,69.0,54.76923076923077,54.79710144927536,491.0,78.0,78.0,245.0,179.0,20.142857142857142,29.150837988826815,-283.0,245.0,181.0,161.0,161.0,188.3664596273292,196.6086956521739,-1327.0,161.0,161.0,342.0,345.0,42.973684210526315,42.90724637681159,579.0,0.0,0.0,8105.0,False,Different production mix,False,False,0.0,0.0,TOMATO,-11770.0,https://www.kaggle.com/competitions/kaggriculture/episodes/108321050
108162677,最强扫地僧,0,L,-8402,submission_loss,ICE_CREAM_SHOP / PET_CAFE,"[""ICE_CREAM_SHOP"", ""PET_CAFE"", ""ICE_CREAM_SHOP"", ""SMOOTHIE_SHOP"", ""PET_CAFE"", ""PIZZA_SHOP"", ""BRUNCH_SPOT"", ""PIZZA_SHOP""]",0,0.8122392211404729,167,222,0,2630.0,0.0,0.0,0.0,1.0,1056.0,5.0,0.0,0.0,1.0,216.0,5.0,2.0,2.0,1.0,26.0,5.0,2.0,2.0,1.0,26.0,0.0,2.0,2.0,1.0,22.0,3.0,2.0,2.0,1.0,85.0,0.0,2.0,2.0,1.0,198.0,0.0,3.0,2.0,1.0,801.0,0.0,4.0,2.0,1.0,3.0,7.0,8.0,"[[""BUY_PRODUCT"", ""WHEAT"", 13]]","[[""BUY_PRODUCT"", ""WHEAT"", 13], [""BUY_PRODUCT"", ""WHEAT"", 30], [""SELL"", ""WHEAT"", 30]]",0.0,0.0,0.0,292.0,385.0,39.178082191780824,38.67272727272727,-2507.0,517.0,580.0,84.0,104.0,65.26190476190476,65.10576923076923,-1289.0,84.0,104.0,0.0,0.0,,,0.0,0.0,0.0,249.0,249.0,153.6867469879518,160.11244979919678,-1600.0,249.0,249.0,72.0,72.0,198.15277777777777,198.15277777777777,0.0,72.0,72.0,78.0,74.0,44.61538461538461,44.7972972972973,165.0,78.0,78.0,245.0,266.0,198.95102040816326,199.61654135338347,-4355.0,245.0,266.0,161.0,139.0,34.24223602484472,39.94964028776978,-40.0,161.0,139.0,342.0,351.0,42.58187134502924,41.79202279202279,358.0,0.0,0.0,866.0,False,Different production mix,False,False,0.0,0.0,MILK,-4355.0,https://www.kaggle.com/competitions/kaggriculture/episodes/108162677
108165625,Szymon Kłapiński,1,L,-8372,submission_loss,SMOOTHIE_SHOP / PET_CAFE,"[""SMOOTHIE_SHOP"", ""PET_CAFE"", ""FARMERS_MARKET"", ""ICE_CREAM_SHOP"", ""YARN_STORE"", ""PET_CAFE"", ""FARMERS_MARKET"", ""SMOOTHIE_SHOP""]",0,0.8164116828929068,167,531,0,2630.0,0.0,0.0,0.0,1.0,1056.0,5.0,0.0,0.0,1.0,216.0,5.0,2.0,2.0,1.0,26.0,5.0,2.0,2.0,1.0,26.0,0.0,2.0,2.0,1.0,22.0,3.0,2.0,2.0,1.0,85.0,0.0,2.0,2.0,1.0,198.0,0.0,3.0,2.0,1.0,802.0,0.0,4.0,2.0,1.0,3.0,7.0,8.0,"[[""BUY_PRODUCT"", ""WHEAT"", 13]]","[[""BUY_PRODUCT"", ""WHEAT"", 13], [""BUY_PRODUCT"", ""WHEAT"", 30], [""SELL"", ""WHEAT"", 30]]",0.0,0.0,0.0,292.0,377.0,35.01712328767123,34.53846153846154,-1849.0,517.0,572.0,84.0,98.0,85.54761904761905,85.64285714285714,-1207.0,84.0,98.0,0.0,0.0,,,0.0,0.0,0.0,249.0,249.0,166.11244979919678,170.95180722891567,-1205.0,249.0,249.0,72.0,72.0,198.15277777777777,198.15277777777777,0.0,72.0,72.0,78.0,78.0,44.19230769230769,44.205128205128204,-1.0,78.0,78.0,245.0,245.0,64.7591836734694,70.28571428571429,-1354.0,245.0,245.0,161.0,161.0,54.08695652173913,77.21739130434783,-3724.0,161.0,161.0,342.0,352.0,42.50292397660819,41.625,290.0,0.0,0.0,678.0,False,Different production mix,False,False,0.0,0.0,WOOL,-3724.0,https://www.kaggle.com/competitions/kaggriculture/episodes/108165625
108337956,Otter Vibe,0,L,-8101,submission_loss,BAKERY / BAKERY,"[""BAKERY"", ""BAKERY"", ""PET_CAFE"", ""ICE_CREAM_SHOP"", ""FARMERS_MARKET"", ""FARMERS_MARKET"", ""PIZZA_SHOP"", ""PET_CAFE""]",0,0.0027816411682892728,440,1,0,2643.0,0.0,0.0,0.0,1.0,1063.0,5.0,0.0,0.0,1.0,223.0,5.0,2.0,2.0,1.0,33.0,5.0,2.0,2.0,1.0,33.0,0.0,2.0,2.0,1.0,29.0,3.0,2.0,2.0,1.0,90.0,0.0,2.0,2.0,1.0,204.0,0.0,3.0,2.0,1.0,794.0,0.0,4.0,2.0,1.0,3.0,7.0,8.0,"[[""BUY_PRODUCT"", ""WHEAT"", 13]]","[[""HIRE""], [""HIRE""], [""HIRE""], [""HIRE""], [""HIRE""], [""BUY_ANIMAL"", ""GOOSE"", 6], [""BUY_PRODUCT"", ""WHEAT"", 6], [""BUY_SEED"", ""MELON"", 8], [""BUY_SEED"", ""WHEAT"", 11]]",0.0,0.0,0.0,292.0,506.0,38.83561643835616,39.21343873517787,-9118.0,517.0,742.0,84.0,231.0,55.5,53.64935064935065,-7731.0,84.0,263.0,0.0,197.0,,65.46700507614213,-12897.0,0.0,203.0,249.0,80.0,73.38152610441767,108.725,9574.0,249.0,80.0,72.0,96.0,229.66666666666666,143.08333333333334,2800.0,72.0,96.0,78.0,446.0,42.166666666666664,44.139013452914796,-16397.0,78.0,456.0,245.0,33.0,53.31428571428572,48.515151515151516,11461.0,245.0,37.0,161.0,36.0,44.31055900621118,112.13888888888889,3097.0,161.0,41.0,342.0,191.0,51.91520467836257,61.031413612565444,7146.0,0.0,0.0,3964.0,False,Different production mix,False,False,0.0,0.0,EGG,-16397.0,https://www.kaggle.com/competitions/kaggriculture/episodes/108337956
108374132,Grim Reaper,1,L,-8033,submission_loss,PIZZA_SHOP / PIZZA_SHOP,"[""PIZZA_SHOP"", ""PIZZA_SHOP"", ""FARMERS_MARKET"", ""BRUNCH_SPOT"", ""BRUNCH_SPOT"", ""BAKERY"", ""YARN_STORE"", ""PET_CAFE""]",0,0.1863699582753825,358,2,0,2643.0,0.0,0.0,0.0,1.0,1057.0,5.0,0.0,0.0,1.0,217.0,5.0,2.0,2.0,1.0,27.0,5.0,2.0,2.0,1.0,27.0,0.0,2.0,2.0,1.0,23.0,3.0,2.0,2.0,1.0,85.0,0.0,2.0,2.0,1.0,198.0,0.0,3.0,2.0,1.0,801.0,0.0,4.0,2.0,1.0,3.0,7.0,8.0,"[[""BUY_PRODUCT"", ""WHEAT"", 13]]",[],0.0,0.0,0.0,292.0,286.0,43.86643835616438,44.67482517482517,-291.0,517.0,506.0,84.0,100.0,44.916666666666664,44.47,-674.0,84.0,100.0,0.0,74.0,,308.72972972972974,-22846.0,0.0,74.0,249.0,255.0,86.43775100401606,74.6313725490196,2492.0,249.0,255.0,72.0,72.0,198.15277777777777,198.15277777777777,0.0,72.0,72.0,78.0,75.0,56.07692307692308,56.61333333333334,128.0,78.0,75.0,245.0,246.0,102.83265306122449,98.1829268292683,1041.0,245.0,246.0,161.0,123.0,54.130434782608695,55.926829268292686,1836.0,161.0,123.0,342.0,343.0,42.59649122807018,41.629737609329446,371.0,0.0,0.0,9910.0,False,Different production mix,False,False,0.0,0.0,TOMATO,-22846.0,https://www.kaggle.com/competitions/kaggriculture/episodes/108374132
108187759,Raef Guizani,0,L,-8002,submission_loss,YARN_STORE / BAKERY,"[""YARN_STORE"", ""BAKERY"", ""SMOOTHIE_SHOP"", ""BAKERY"", ""ICE_CREAM_SHOP"", ""SMOOTHIE_SHOP"", ""YARN_STORE"", ""FARMERS_MARKET""]",9,0.9902642559109874,83,712,0,2630.0,0.0,0.0,0.0,1.0,1056.0,5.0,0.0,0.0,1.0,216.0,5.0,2.0,2.0,1.0,26.0,5.0,2.0,2.0,1.0,26.0,0.0,2.0,2.0,1.0,22.0,3.0,2.0,2.0,1.0,85.0,0.0,2.0,2.0,1.0,198.0,0.0,3.0,2.0,1.0,802.0,0.0,4.0,2.0,1.0,3.0,7.0,8.0,"[[""BUY_PRODUCT"", ""WHEAT"", 13]]","[[""BUY_PRODUCT"", ""WHEAT"", 13], [""SELL"", ""WHEAT"", 13], [""BUY_PRODUCT"", ""WHEAT"", 13]]",0.0,0.0,0.0,300.0,316.0,38.8,38.43987341772152,-124.0,528.0,528.0,75.0,75.0,31.85333333333333,31.933333333333334,-6.0,75.0,75.0,0.0,0.0,,,0.0,0.0,0.0,238.0,243.0,64.72689075630252,68.91769547325103,-1342.0,249.0,249.0,72.0,72.0,198.15277777777777,198.15277777777777,0.0,72.0,72.0,0.0,0.0,,,0.0,0.0,0.0,191.0,191.0,69.62303664921465,74.91623036649214,-1011.0,191.0,191.0,278.0,278.0,135.6043165467626,155.4136690647482,-5507.0,282.0,282.0,319.0,326.0,41.19749216300941,40.34969325153374,-12.0,0.0,0.0,0.0,False,Near-clone sale-price/timing,False,False,1.0,0.0,WOOL,-5507.0,https://www.kaggle.com/competitions/kaggriculture/episodes/108187759
108238626,enduejdu,1,L,-7459,submission_loss,PET_CAFE / FARMERS_MARKET,"[""PET_CAFE"", ""FARMERS_MARKET"", ""YARN_STORE"", ""ICE_CREAM_SHOP"", ""FARMERS_MARKET"", ""PIZZA_SHOP"", ""YARN_STORE"", ""YARN_STORE""]",0,0.02781641168289295,468,2,0,2643.0,0.0,0.0,0.0,1.0,1057.0,5.0,0.0,0.0,1.0,217.0,5.0,2.0,2.0,1.0,27.0,5.0,2.0,2.0,1.0,27.0,0.0,2.0,2.0,1.0,23.0,3.0,2.0,2.0,1.0,88.0,0.0,2.0,2.0,1.0,201.0,0.0,3.0,2.0,1.0,806.0,0.0,4.0,2.0,1.0,3.0,7.0,8.0,"[[""BUY_PRODUCT"", ""WHEAT"", 13]]","[[""BUY_ANIMAL"", ""COW"", 2]]",0.0,0.0,0.0,292.0,194.0,40.86986301369863,40.16494845360825,6047.0,517.0,308.0,84.0,390.0,50.214285714285715,54.65384615384615,-17097.0,84.0,390.0,0.0,7.0,,151.42857142857142,-1060.0,0.0,7.0,249.0,203.0,101.46987951807229,103.23645320197045,4309.0,249.0,203.0,72.0,90.0,198.15277777777777,178.3,-1780.0,72.0,90.0,78.0,0.0,46.44871794871795,,3623.0,78.0,0.0,245.0,179.0,26.008163265306123,29.335195530726256,1121.0,245.0,179.0,161.0,208.0,213.53416149068323,207.4278846153846,-8766.0,161.0,208.0,342.0,199.0,45.80409356725146,59.14572864321608,2402.0,0.0,0.0,3742.0,False,Different production mix,False,False,0.0,0.0,CARROT,-17097.0,https://www.kaggle.com/competitions/kaggriculture/episodes/108238626
108175702,Durlabh_Jha,0,L,-6572,submission_loss,SMOOTHIE_SHOP / PIZZA_SHOP,"[""SMOOTHIE_SHOP"", ""PIZZA_SHOP"", ""PIZZA_SHOP"", ""YARN_STORE"", ""YARN_STORE"", ""PIZZA_SHOP"", ""SMOOTHIE_SHOP"", ""BRUNCH_SPOT""]",0,0.6369958275382476,180,434,0,2630.0,0.0,0.0,0.0,1.0,1056.0,5.0,0.0,0.0,1.0,216.0,5.0,2.0,2.0,1.0,26.0,5.0,2.0,2.0,1.0,26.0,0.0,2.0,2.0,1.0,22.0,3.0,2.0,2.0,1.0,85.0,0.0,2.0,2.0,1.0,198.0,0.0,3.0,2.0,1.0,802.0,0.0,4.0,2.0,1.0,3.0,7.0,8.0,"[[""BUY_PRODUCT"", ""WHEAT"", 13]]","[[""BUY_PRODUCT"", ""WHEAT"", 13], [""SELL"", ""WHEAT"", 13], [""BUY_PRODUCT"", ""WHEAT"", 13]]",0.0,0.0,0.0,292.0,305.0,38.41438356164384,38.049180327868854,3.0,517.0,517.0,84.0,84.0,27.642857142857142,28.023809523809526,-32.0,84.0,84.0,0.0,80.0,,144.0875,-11527.0,0.0,80.0,249.0,249.0,52.967871485943775,62.975903614457835,-2492.0,249.0,249.0,72.0,72.0,198.15277777777777,198.15277777777777,0.0,72.0,72.0,78.0,78.0,44.42307692307692,44.44871794871795,-2.0,78.0,78.0,245.0,245.0,232.71020408163264,234.12244897959184,-346.0,245.0,245.0,161.0,161.0,213.75776397515529,215.69565217391303,-312.0,161.0,161.0,342.0,347.0,41.94736842105263,41.79538904899135,-58.0,0.0,0.0,8194.0,False,Different production mix,False,False,0.0,0.0,TOMATO,-11527.0,https://www.kaggle.com/competitions/kaggriculture/episodes/108175702
108279624,Riva Kajangu,0,L,-6488,submission_loss,PET_CAFE / SMOOTHIE_SHOP,"[""PET_CAFE"", ""SMOOTHIE_SHOP"", ""PET_CAFE"", ""YARN_STORE"", ""BRUNCH_SPOT"", ""PET_CAFE"", ""PIZZA_SHOP"", ""PIZZA_SHOP""]",0,0.0027816411682892728,508,1,0,2643.0,0.0,0.0,0.0,1.0,1057.0,5.0,0.0,0.0,1.0,217.0,5.0,2.0,2.0,1.0,27.0,5.0,2.0,2.0,1.0,27.0,0.0,2.0,2.0,1.0,23.0,3.0,2.0,2.0,1.0,90.0,0.0,2.0,2.0,1.0,199.0,0.0,3.0,2.0,1.0,774.0,0.0,4.0,2.0,1.0,3.0,7.0,8.0,"[[""BUY_PRODUCT"", ""WHEAT"", 13]]","[[""HIRE""], [""HIRE""], [""HIRE""], [""HIRE""], [""HIRE""], [""HIRE""], [""HIRE""], [""BUY_ANIMAL"", ""COW"", 5], [""BUY_ANIMAL"", ""SHEEP"", 1], [""BUY_SEED"", ""MELON"", 1]]",0.0,0.0,0.0,292.0,430.0,26.414383561643834,26.072093023255814,-3749.0,517.0,626.0,84.0,164.0,98.77380952380952,102.26829268292683,-8475.0,84.0,164.0,0.0,53.0,,66.9622641509434,-3549.0,0.0,54.0,249.0,193.0,67.99598393574297,69.88601036269431,3443.0,249.0,193.0,72.0,83.0,237.73611111111111,153.3734939759036,4387.0,72.0,83.0,78.0,148.0,44.217948717948715,44.682432432432435,-3164.0,78.0,148.0,245.0,152.0,41.06122448979592,66.03289473684211,23.0,245.0,152.0,161.0,179.0,99.32919254658385,96.36871508379889,-1258.0,161.0,179.0,342.0,228.0,43.505847953216374,53.09649122807018,934.0,0.0,0.0,4920.0,False,Different production mix,False,False,0.0,0.0,CARROT,-8475.0,https://www.kaggle.com/competitions/kaggriculture/episodes/108279624
108199827,Odyssey,0,L,-6379,submission_loss,BAKERY / FARMERS_MARKET,"[""BAKERY"", ""FARMERS_MARKET"", ""SMOOTHIE_SHOP"", ""BAKERY"", ""YARN_STORE"", ""BAKERY"", ""FARMERS_MARKET"", ""FARMERS_MARKET""]",0,0.9666203059805285,163,340,0,2630.0,0.0,0.0,0.0,1.0,1056.0,5.0,0.0,0.0,1.0,216.0,5.0,2.0,2.0,1.0,26.0,5.0,2.0,2.0,1.0,26.0,0.0,2.0,2.0,1.0,22.0,3.0,2.0,2.0,1.0,85.0,0.0,2.0,2.0,1.0,198.0,0.0,3.0,2.0,1.0,801.0,0.0,4.0,2.0,1.0,3.0,7.0,8.0,"[[""BUY_PRODUCT"", ""WHEAT"", 13]]","[[""BUY_PRODUCT"", ""WHEAT"", 13], [""SELL"", ""WHEAT"", 13], [""BUY_PRODUCT"", ""WHEAT"", 13]]",0.0,0.0,0.0,292.0,305.0,41.85958904109589,41.38688524590164,-15.0,517.0,517.0,84.0,84.0,48.0,48.142857142857146,-12.0,84.0,84.0,0.0,0.0,,,0.0,0.0,0.0,249.0,249.0,84.81124497991968,94.04819277108433,-2300.0,249.0,249.0,72.0,72.0,198.15277777777777,198.15277777777777,0.0,72.0,72.0,78.0,78.0,59.97435897435897,60.06410256410256,-7.0,78.0,78.0,245.0,245.0,25.918367346938776,28.375510204081632,-602.0,245.0,245.0,161.0,161.0,56.36645962732919,76.77018633540372,-3285.0,161.0,161.0,342.0,354.0,41.82748538011696,40.84180790960452,-158.0,0.0,0.0,0.0,False,Different production mix,False,False,0.0,0.0,WOOL,-3285.0,https://www.kaggle.com/competitions/kaggriculture/episodes/108199827
108385373,Erfan Eshratifar,0,L,-5273,submission_loss,BRUNCH_SPOT / FARMERS_MARKET,"[""BRUNCH_SPOT"", ""FARMERS_MARKET"", ""FARMERS_MARKET"", ""FARMERS_MARKET"", ""PIZZA_SHOP"", ""YARN_STORE"", ""PET_CAFE"", ""SMOOTHIE_SHOP""]",0,0.7955493741307371,287,2,0,2630.0,0.0,0.0,0.0,1.0,1052.0,5.0,0.0,0.0,1.0,212.0,5.0,2.0,2.0,1.0,22.0,5.0,2.0,2.0,1.0,22.0,0.0,2.0,2.0,1.0,18.0,3.0,2.0,2.0,1.0,81.0,0.0,2.0,2.0,1.0,194.0,0.0,3.0,2.0,1.0,797.0,0.0,4.0,2.0,1.0,3.0,7.0,8.0,"[[""BUY_PRODUCT"", ""WHEAT"", 13]]","[[""BUY_PRODUCT"", ""WHEAT"", 13], [""BUY_PRODUCT"", ""WHEAT"", 60], [""SELL"", ""WHEAT"", 60]]",0.0,0.0,0.0,292.0,463.0,43.4041095890411,39.23110151187905,-636.0,517.0,520.0,84.0,101.0,65.98809523809524,66.29702970297029,-1153.0,84.0,101.0,0.0,0.0,,,0.0,0.0,0.0,249.0,249.0,216.8273092369478,217.43373493975903,-151.0,249.0,249.0,72.0,82.0,198.15277777777777,187.34146341463415,-1095.0,72.0,82.0,78.0,84.0,53.73076923076923,53.726190476190474,-322.0,78.0,84.0,245.0,245.0,18.951020408163266,20.930612244897958,-485.0,245.0,245.0,161.0,161.0,46.98757763975155,58.267080745341616,-1816.0,161.0,161.0,342.0,342.0,41.985380116959064,41.74269005847953,-32.0,0.0,0.0,417.0,False,Different production mix,False,False,0.0,0.0,WOOL,-1816.0,https://www.kaggle.com/competitions/kaggriculture/episodes/108385373
108207436,TIM,0,L,-5237,submission_loss,BAKERY / ICE_CREAM_SHOP,"[""BAKERY"", ""ICE_CREAM_SHOP"", ""FARMERS_MARKET"", ""YARN_STORE"", ""BRUNCH_SPOT"", ""PET_CAFE"", ""FARMERS_MARKET"", ""YARN_STORE""]",0,0.9902642559109874,174,712,0,2630.0,0.0,0.0,0.0,1.0,1056.0,5.0,0.0,0.0,1.0,216.0,5.0,2.0,2.0,1.0,26.0,5.0,2.0,2.0,1.0,26.0,0.0,2.0,2.0,1.0,22.0,3.0,2.0,2.0,1.0,85.0,0.0,2.0,2.0,1.0,198.0,0.0,3.0,2.0,1.0,801.0,0.0,4.0,2.0,1.0,3.0,7.0,8.0,"[[""BUY_PRODUCT"", ""WHEAT"", 13]]","[[""BUY_PRODUCT"", ""WHEAT"", 13], [""SELL"", ""WHEAT"", 13], [""BUY_PRODUCT"", ""WHEAT"", 13]]",0.0,0.0,0.0,292.0,305.0,42.407534246575345,41.829508196721314,12.0,517.0,517.0,84.0,84.0,54.666666666666664,54.80952380952381,-12.0,84.0,84.0,0.0,0.0,,,0.0,0.0,0.0,249.0,249.0,109.90763052208835,120.07630522088354,-2532.0,249.0,249.0,72.0,72.0,198.15277777777777,198.15277777777777,0.0,72.0,72.0,78.0,78.0,56.96153846153846,56.94871794871795,1.0,78.0,78.0,245.0,245.0,36.477551020408164,38.816326530612244,-573.0,245.0,245.0,161.0,161.0,143.416149068323,155.72670807453417,-1982.0,161.0,161.0,342.0,356.0,41.8421052631579,40.609550561797754,-151.0,0.0,0.0,0.0,False,Near-clone sale-price/timing,False,False,0.0,0.0,STRAWBERRY,-2532.0,https://www.kaggle.com/competitions/kaggriculture/episodes/108207436
108354104,prairieee,1,L,-5140,submission_loss,BAKERY / ICE_CREAM_SHOP,"[""BAKERY"", ""ICE_CREAM_SHOP"", ""PET_CAFE"", ""BRUNCH_SPOT"", ""YARN_STORE"", ""PIZZA_SHOP"", ""YARN_STORE"", ""PIZZA_SHOP""]",0,0.9902642559109874,158,608,0,2630.0,0.0,0.0,0.0,1.0,1056.0,5.0,0.0,0.0,1.0,216.0,5.0,2.0,2.0,1.0,26.0,5.0,2.0,2.0,1.0,26.0,0.0,2.0,2.0,1.0,22.0,3.0,2.0,2.0,1.0,85.0,0.0,2.0,2.0,1.0,198.0,0.0,3.0,2.0,1.0,801.0,0.0,4.0,2.0,1.0,3.0,7.0,8.0,"[[""BUY_PRODUCT"", ""WHEAT"", 13]]","[[""BUY_PRODUCT"", ""WHEAT"", 13], [""BUY_PRODUCT"", ""WHEAT"", 30], [""SELL"", ""WHEAT"", 30]]",0.0,0.0,0.0,292.0,322.0,41.27739726027397,40.35403726708075,1.0,517.0,517.0,84.0,84.0,49.67857142857143,49.892857142857146,-18.0,84.0,84.0,0.0,0.0,,,0.0,0.0,0.0,249.0,249.0,67.91967871485944,72.78313253012048,-1211.0,249.0,249.0,72.0,72.0,198.15277777777777,198.15277777777777,0.0,72.0,72.0,78.0,78.0,58.03846153846154,58.01282051282051,2.0,78.0,78.0,245.0,245.0,40.13061224489796,45.59591836734694,-1339.0,245.0,245.0,161.0,161.0,131.67701863354037,146.7391304347826,-2425.0,161.0,161.0,342.0,354.0,41.8421052631579,40.833333333333336,-150.0,0.0,0.0,0.0,False,Near-clone sale-price/timing,False,False,0.0,0.0,WOOL,-2425.0,https://www.kaggle.com/competitions/kaggriculture/episodes/108354104
108139486,Lynxx,1,L,-4931,submission_loss,SMOOTHIE_SHOP / PET_CAFE,"[""SMOOTHIE_SHOP"", ""PET_CAFE"", ""SMOOTHIE_SHOP"", ""BRUNCH_SPOT"", ""YARN_STORE"", ""ICE_CREAM_SHOP"", ""SMOOTHIE_SHOP"", ""BRUNCH_SPOT""]",0,0.8122392211404729,168,185,0,2630.0,0.0,0.0,0.0,1.0,1056.0,5.0,0.0,0.0,1.0,216.0,5.0,2.0,2.0,1.0,26.0,5.0,2.0,2.0,1.0,26.0,0.0,2.0,2.0,1.0,22.0,3.0,2.0,2.0,1.0,85.0,0.0,2.0,2.0,1.0,198.0,0.0,3.0,2.0,1.0,802.0,0.0,4.0,2.0,1.0,3.0,7.0,8.0,"[[""BUY_PRODUCT"", ""WHEAT"", 13]]","[[""BUY_PRODUCT"", ""WHEAT"", 13], [""BUY_PRODUCT"", ""WHEAT"", 30], [""SELL"", ""WHEAT"", 30]]",0.0,0.0,0.0,292.0,381.0,32.071917808219176,31.506561679790025,-1698.0,517.0,576.0,84.0,97.0,52.04761904761905,52.11340206185567,-683.0,84.0,97.0,0.0,0.0,,,0.0,0.0,0.0,249.0,243.0,195.06827309236948,195.9588477366255,954.0,249.0,243.0,72.0,72.0,198.15277777777777,198.15277777777777,0.0,72.0,72.0,78.0,78.0,51.3974358974359,51.35897435897436,3.0,78.0,78.0,245.0,266.0,114.6734693877551,115.52255639097744,-2634.0,245.0,266.0,161.0,139.0,63.83229813664596,86.69064748201438,-1773.0,161.0,139.0,342.0,353.0,42.54093567251462,41.45892351274787,322.0,0.0,0.0,578.0,False,Different production mix,False,False,0.0,0.0,MILK,-2634.0,https://www.kaggle.com/competitions/kaggriculture/episodes/108139486
108159633,Exposed,1,L,-4873,submission_loss,YARN_STORE / ICE_CREAM_SHOP,"[""YARN_STORE"", ""ICE_CREAM_SHOP"", ""PET_CAFE"", ""FARMERS_MARKET"", ""PIZZA_SHOP"", ""SMOOTHIE_SHOP"", ""ICE_CREAM_SHOP"", ""PIZZA_SHOP""]",9,0.9902642559109874,83,712,0,2630.0,0.0,0.0,0.0,1.0,1056.0,5.0,0.0,0.0,1.0,216.0,5.0,2.0,2.0,1.0,26.0,5.0,2.0,2.0,1.0,26.0,0.0,2.0,2.0,1.0,22.0,3.0,2.0,2.0,1.0,85.0,0.0,2.0,2.0,1.0,198.0,0.0,3.0,2.0,1.0,802.0,0.0,4.0,2.0,1.0,3.0,7.0,8.0,"[[""BUY_PRODUCT"", ""WHEAT"", 13]]","[[""BUY_PRODUCT"", ""WHEAT"", 13], [""SELL"", ""WHEAT"", 13], [""BUY_PRODUCT"", ""WHEAT"", 13]]",0.0,0.0,0.0,300.0,316.0,39.57666666666667,39.19303797468354,-130.0,528.0,528.0,75.0,75.0,58.74666666666667,58.8,-4.0,75.0,75.0,0.0,0.0,,,0.0,0.0,0.0,238.0,243.0,90.80252100840336,94.63786008230453,-1386.0,249.0,249.0,72.0,72.0,198.15277777777777,198.15277777777777,0.0,72.0,72.0,0.0,0.0,,,0.0,0.0,0.0,191.0,191.0,144.3089005235602,146.6544502617801,-448.0,191.0,191.0,278.0,278.0,109.64028776978417,120.04676258992805,-2893.0,282.0,282.0,319.0,326.0,41.19749216300941,40.34969325153374,-12.0,0.0,0.0,0.0,False,Near-clone sale-price/timing,False,False,1.0,0.0,WOOL,-2893.0,https://www.kaggle.com/competitions/kaggriculture/episodes/108159633
108140422,abozten,0,L,-4847,submission_loss,YARN_STORE / ICE_CREAM_SHOP,"[""YARN_STORE"", ""ICE_CREAM_SHOP"", ""SMOOTHIE_SHOP"", ""PIZZA_SHOP"", ""ICE_CREAM_SHOP"", ""SMOOTHIE_SHOP"", ""BRUNCH_SPOT"", ""FARMERS_MARKET""]",9,0.9791376912378303,78,33,0,2630.0,0.0,0.0,0.0,1.0,1056.0,5.0,0.0,0.0,1.0,216.0,5.0,2.0,2.0,1.0,26.0,5.0,2.0,2.0,1.0,26.0,0.0,2.0,2.0,1.0,22.0,3.0,2.0,2.0,1.0,85.0,0.0,2.0,2.0,1.0,198.0,0.0,3.0,2.0,1.0,802.0,0.0,4.0,2.0,1.0,3.0,7.0,8.0,"[[""BUY_PRODUCT"", ""WHEAT"", 13]]","[[""BUY_PRODUCT"", ""WHEAT"", 13], [""SELL"", ""WHEAT"", 13], [""BUY_PRODUCT"", ""WHEAT"", 13]]",0.0,0.0,0.0,300.0,316.0,39.57333333333333,39.199367088607595,-132.0,528.0,528.0,75.0,75.0,31.88,31.906666666666666,-2.0,75.0,75.0,0.0,0.0,,,0.0,0.0,0.0,238.0,243.0,160.7983193277311,164.559670781893,-1718.0,249.0,249.0,72.0,72.0,198.15277777777777,198.15277777777777,0.0,72.0,72.0,0.0,0.0,,,0.0,0.0,0.0,191.0,191.0,236.41361256544502,236.52879581151834,-22.0,191.0,191.0,278.0,278.0,109.15467625899281,119.69424460431655,-2930.0,282.0,282.0,319.0,329.0,41.15047021943574,40.03039513677812,-43.0,0.0,0.0,0.0,False,Near-clone sale-price/timing,False,False,1.0,0.0,WOOL,-2930.0,https://www.kaggle.com/competitions/kaggriculture/episodes/108140422
108221804,qr farm,1,L,-4650,submission_loss,BAKERY / SMOOTHIE_SHOP,"[""BAKERY"", ""SMOOTHIE_SHOP"", ""PIZZA_SHOP"", ""SMOOTHIE_SHOP"", ""BAKERY"", ""FARMERS_MARKET"", ""ICE_CREAM_SHOP"", ""BAKERY""]",0,0.8164116828929068,164,531,0,2630.0,0.0,0.0,0.0,1.0,1056.0,5.0,0.0,0.0,1.0,216.0,5.0,2.0,2.0,1.0,26.0,5.0,2.0,2.0,1.0,26.0,0.0,2.0,2.0,1.0,22.0,3.0,2.0,2.0,1.0,85.0,0.0,2.0,2.0,1.0,198.0,0.0,3.0,2.0,1.0,801.0,0.0,4.0,2.0,1.0,3.0,7.0,8.0,"[[""BUY_PRODUCT"", ""WHEAT"", 13]]","[[""BUY_PRODUCT"", ""WHEAT"", 13], [""BUY_PRODUCT"", ""WHEAT"", 30], [""SELL"", ""WHEAT"", 30]]",0.0,0.0,0.0,292.0,389.0,40.57534246575342,40.149100257069406,-2828.0,517.0,584.0,84.0,88.0,34.32142857142857,34.47727272727273,-151.0,84.0,88.0,0.0,0.0,,,0.0,0.0,0.0,249.0,249.0,83.91566265060241,89.57831325301204,-1410.0,249.0,249.0,72.0,72.0,198.15277777777777,198.15277777777777,0.0,72.0,72.0,78.0,74.0,57.58974358974359,57.472972972972975,239.0,78.0,78.0,245.0,245.0,151.78367346938776,157.5183673469388,-1405.0,245.0,245.0,161.0,161.0,34.21739130434783,34.65217391304348,-70.0,161.0,161.0,342.0,352.0,42.514619883040936,41.63636363636363,297.0,0.0,0.0,678.0,False,Different production mix,False,False,0.0,0.0,WHEAT,-2828.0,https://www.kaggle.com/competitions/kaggriculture/episodes/108221804
108164716,Jayanth Koppala,1,L,-4593,submission_loss,ICE_CREAM_SHOP / FARMERS_MARKET,"[""ICE_CREAM_SHOP"", ""FARMERS_MARKET"", ""BAKERY"", ""BAKERY"", ""SMOOTHIE_SHOP"", ""PET_CAFE"", ""BAKERY"", ""SMOOTHIE_SHOP""]",0,0.9165507649513213,239,70,0,2634.0,0.0,0.0,0.0,1.0,1024.0,5.0,0.0,0.0,1.0,184.0,5.0,2.0,2.0,1.0,4.0,5.0,2.0,2.0,1.0,4.0,0.0,2.0,2.0,1.0,0.0,3.0,2.0,2.0,1.0,93.0,0.0,2.0,2.0,1.0,206.0,0.0,3.0,2.0,1.0,719.0,0.0,4.0,2.0,1.0,3.0,6.0,7.0,"[[""BUY_PRODUCT"", ""WHEAT"", 13]]","[[""BUY_PRODUCT"", ""WHEAT"", 5]]",0.0,0.0,0.0,301.0,371.0,42.95681063122924,40.56873315363882,347.0,511.0,517.0,84.0,82.0,52.214285714285715,52.390243902439025,90.0,84.0,82.0,0.0,0.0,,,0.0,0.0,0.0,237.0,249.0,150.8776371308017,153.57831325301206,-2483.0,243.0,249.0,72.0,72.0,198.15277777777777,198.15277777777777,0.0,72.0,72.0,72.0,74.0,57.09722222222222,57.108108108108105,-115.0,78.0,74.0,218.0,245.0,63.22018348623853,61.8,-1359.0,218.0,245.0,153.0,161.0,33.97385620915033,36.88198757763975,-740.0,156.0,161.0,324.0,345.0,44.151234567901234,42.21159420289855,-254.0,0.0,0.0,-79.0,False,Opening cash/seed shortfall,False,False,4.0,0.0,STRAWBERRY,-2483.0,https://www.kaggle.com/competitions/kaggriculture/episodes/108164716
108244520,ansheng jhang,0,L,-4209,submission_loss,BAKERY / BRUNCH_SPOT,"[""BAKERY"", ""BRUNCH_SPOT"", ""ICE_CREAM_SHOP"", ""BAKERY"", ""PIZZA_SHOP"", ""PIZZA_SHOP"", ""FARMERS_MARKET"", ""FARMERS_MARKET""]",0,1.0,157,,0,2630.0,0.0,0.0,0.0,1.0,1056.0,5.0,0.0,0.0,1.0,216.0,5.0,2.0,2.0,1.0,26.0,5.0,2.0,2.0,1.0,26.0,0.0,2.0,2.0,1.0,22.0,3.0,2.0,2.0,1.0,85.0,0.0,2.0,2.0,1.0,198.0,0.0,3.0,2.0,1.0,801.0,0.0,4.0,2.0,1.0,3.0,7.0,8.0,"[[""BUY_PRODUCT"", ""WHEAT"", 13]]","[[""BUY_PRODUCT"", ""WHEAT"", 13], [""SELL"", ""WHEAT"", 13], [""BUY_PRODUCT"", ""WHEAT"", 13]]",0.0,0.0,0.0,292.0,305.0,44.75,44.114754098360656,-1.0,517.0,517.0,84.0,84.0,36.083333333333336,36.23809523809524,-13.0,84.0,84.0,0.0,0.0,,,0.0,0.0,0.0,249.0,249.0,84.81124497991968,94.04819277108433,-2300.0,249.0,249.0,72.0,72.0,198.15277777777777,198.15277777777777,0.0,72.0,72.0,78.0,78.0,64.16666666666667,64.24358974358974,-6.0,78.0,78.0,245.0,245.0,34.53877551020408,41.371428571428574,-1674.0,245.0,245.0,161.0,161.0,34.21739130434783,34.63354037267081,-67.0,161.0,161.0,342.0,344.0,41.82748538011696,42.0,-148.0,0.0,0.0,0.0,False,Near-clone sale-price/timing,False,False,0.0,0.0,STRAWBERRY,-2300.0,https://www.kaggle.com/competitions/kaggriculture/episodes/108244520
108217051,LK30,0,L,-4184,submission_loss,BRUNCH_SPOT / BRUNCH_SPOT,"[""BRUNCH_SPOT"", ""BRUNCH_SPOT"", ""BRUNCH_SPOT"", ""PET_CAFE"", ""BAKERY"", ""ICE_CREAM_SHOP"", ""ICE_CREAM_SHOP"", ""PIZZA_SHOP""]",0,0.033379694019471495,445,2,0,2643.0,0.0,0.0,0.0,1.0,1057.0,5.0,0.0,0.0,1.0,217.0,5.0,2.0,2.0,1.0,27.0,5.0,2.0,2.0,1.0,27.0,0.0,2.0,2.0,1.0,23.0,3.0,2.0,2.0,1.0,88.0,0.0,2.0,2.0,1.0,201.0,0.0,3.0,2.0,1.0,806.0,0.0,4.0,2.0,1.0,3.0,7.0,8.0,"[[""BUY_PRODUCT"", ""WHEAT"", 13]]","[[""BUY_ANIMAL"", ""COW"", 2]]",0.0,0.0,0.0,292.0,223.0,44.04794520547945,42.488789237668165,5365.0,517.0,328.0,84.0,252.0,31.88095238095238,38.09920634920635,-6923.0,84.0,252.0,0.0,72.0,,56.25,-4050.0,0.0,72.0,249.0,270.0,205.56224899598394,198.33333333333334,-2365.0,249.0,270.0,72.0,84.0,198.15277777777777,184.47619047619048,-1229.0,72.0,84.0,78.0,102.0,67.92307692307692,66.69607843137256,-1505.0,78.0,102.0,245.0,195.0,22.918367346938776,26.625641025641027,423.0,245.0,195.0,161.0,99.0,37.316770186335404,49.474747474747474,1110.0,161.0,99.0,342.0,229.0,47.941520467836256,54.943231441048034,3580.0,0.0,0.0,1410.0,False,Different production mix,False,False,0.0,0.0,CARROT,-6923.0,https://www.kaggle.com/competitions/kaggriculture/episodes/108217051
108194042,Slirche,0,L,-4183,submission_loss,BAKERY / SMOOTHIE_SHOP,"[""BAKERY"", ""SMOOTHIE_SHOP"", ""FARMERS_MARKET"", ""BRUNCH_SPOT"", ""PIZZA_SHOP"", ""PIZZA_SHOP"", ""PET_CAFE"", ""YARN_STORE""]",0,0.8136300417246175,143,5,0,2630.0,0.0,0.0,0.0,1.0,1038.0,5.0,0.0,0.0,1.0,198.0,5.0,2.0,2.0,1.0,8.0,5.0,2.0,2.0,1.0,8.0,0.0,2.0,2.0,1.0,4.0,3.0,2.0,2.0,1.0,97.0,0.0,2.0,2.0,1.0,210.0,0.0,3.0,2.0,1.0,783.0,0.0,4.0,2.0,1.0,3.0,7.0,7.0,"[[""BUY_PRODUCT"", ""WHEAT"", 13]]","[[""BUY_PRODUCT"", ""WHEAT"", 13], [""BUY_PRODUCT"", ""WHEAT"", 32], [""SELL"", ""WHEAT"", 32], [""SELL"", ""TOMATO"", 1], [""SELL"", ""TOMATO"", 1], [""SELL"", ""TOMATO"", 1], [""SELL"", ""TOMATO"", 1], [""SELL"", ""TOMATO"", 1], [""SELL"", ""TOMATO"", 1], [""SELL"", ""TOMATO"", 1]]",0.0,0.0,0.0,291.0,456.0,40.92783505154639,39.39473684210526,-3157.0,517.0,526.0,84.0,92.0,47.75,47.79347826086956,-386.0,84.0,92.0,0.0,0.0,,,0.0,0.0,0.0,249.0,249.0,113.82329317269077,121.05220883534136,-1800.0,249.0,249.0,72.0,72.0,198.15277777777777,198.15277777777777,0.0,72.0,72.0,78.0,78.0,58.12820512820513,58.02564102564103,8.0,78.0,78.0,245.0,201.0,55.35510204081633,65.97512437810946,301.0,245.0,201.0,161.0,99.0,46.0,69.27272727272727,548.0,161.0,99.0,342.0,346.0,41.91520467836257,41.83815028901734,-53.0,0.0,0.0,356.0,False,Different production mix,False,False,0.0,0.0,WHEAT,-3157.0,https://www.kaggle.com/competitions/kaggriculture/episodes/108194042
108233302,juliencst,1,L,-3653,submission_loss,PIZZA_SHOP / PET_CAFE,"[""PIZZA_SHOP"", ""PET_CAFE"", ""PET_CAFE"", ""YARN_STORE"", ""FARMERS_MARKET"", ""SMOOTHIE_SHOP"", ""YARN_STORE"", ""YARN_STORE""]",0,0.8553546592489569,201,261,0,2630.0,0.0,0.0,0.0,1.0,1056.0,5.0,0.0,0.0,1.0,216.0,5.0,2.0,2.0,1.0,26.0,5.0,2.0,2.0,1.0,26.0,0.0,2.0,2.0,1.0,22.0,3.0,2.0,2.0,1.0,85.0,0.0,2.0,2.0,1.0,198.0,0.0,3.0,2.0,1.0,801.0,0.0,4.0,2.0,1.0,3.0,7.0,8.0,"[[""BUY_PRODUCT"", ""WHEAT"", 13]]","[[""BUY_PRODUCT"", ""WHEAT"", 13], [""BUY_PRODUCT"", ""WHEAT"", 30], [""SELL"", ""WHEAT"", 30]]",0.0,0.0,0.0,292.0,356.0,35.023972602739725,34.41011235955056,-1083.0,517.0,550.0,84.0,90.0,93.10714285714286,93.87777777777778,-628.0,84.0,90.0,0.0,0.0,,,0.0,0.0,0.0,249.0,249.0,20.538152610441767,22.7429718875502,-549.0,249.0,249.0,72.0,72.0,198.15277777777777,198.15277777777777,0.0,72.0,72.0,78.0,78.0,44.26923076923077,44.11538461538461,12.0,78.0,78.0,245.0,243.0,49.64489795918367,53.32098765432099,-794.0,245.0,243.0,161.0,161.0,182.3167701863354,188.0248447204969,-919.0,161.0,161.0,342.0,349.0,41.93859649122807,41.50716332378224,-48.0,0.0,0.0,356.0,False,Different production mix,False,False,0.0,0.0,WHEAT,-1083.0,https://www.kaggle.com/competitions/kaggriculture/episodes/108233302
108207861,Abracadabra,1,L,-3639,submission_loss,BAKERY / BRUNCH_SPOT,"[""BAKERY"", ""BRUNCH_SPOT"", ""FARMERS_MARKET"", ""ICE_CREAM_SHOP"", ""SMOOTHIE_SHOP"", ""PET_CAFE"", ""SMOOTHIE_SHOP"", ""YARN_STORE""]",0,0.9902642559109874,179,608,0,2630.0,0.0,0.0,0.0,1.0,1056.0,5.0,0.0,0.0,1.0,216.0,5.0,2.0,2.0,1.0,26.0,5.0,2.0,2.0,1.0,26.0,0.0,2.0,2.0,1.0,22.0,3.0,2.0,2.0,1.0,85.0,0.0,2.0,2.0,1.0,198.0,0.0,3.0,2.0,1.0,801.0,0.0,4.0,2.0,1.0,3.0,7.0,8.0,"[[""BUY_PRODUCT"", ""WHEAT"", 13]]","[[""BUY_PRODUCT"", ""WHEAT"", 13], [""BUY_PRODUCT"", ""WHEAT"", 30], [""SELL"", ""WHEAT"", 30]]",0.0,0.0,0.0,292.0,322.0,42.17123287671233,41.18944099378882,-5.0,517.0,517.0,84.0,84.0,50.94047619047619,50.773809523809526,14.0,84.0,84.0,0.0,0.0,,,0.0,0.0,0.0,249.0,249.0,189.39357429718876,192.0722891566265,-667.0,249.0,249.0,72.0,72.0,198.15277777777777,198.15277777777777,0.0,72.0,72.0,78.0,78.0,60.17948717948718,60.23076923076923,-4.0,78.0,78.0,245.0,245.0,25.273469387755103,30.49795918367347,-1280.0,245.0,245.0,161.0,161.0,38.56521739130435,48.15527950310559,-1544.0,161.0,161.0,342.0,354.0,41.83040935672515,40.83050847457627,-153.0,0.0,0.0,0.0,False,Near-clone sale-price/timing,False,False,0.0,0.0,WOOL,-1544.0,https://www.kaggle.com/competitions/kaggriculture/episodes/108207861
108252373,easonyanyan,0,L,-3611,submission_loss,PET_CAFE / SMOOTHIE_SHOP,"[""PET_CAFE"", ""SMOOTHIE_SHOP"", ""PET_CAFE"", ""BAKERY"", ""BRUNCH_SPOT"", ""BRUNCH_SPOT"", ""BRUNCH_SPOT"", ""PIZZA_SHOP""]",0,0.7788595271210014,127,298,0,2630.0,0.0,0.0,0.0,1.0,1054.0,5.0,0.0,0.0,1.0,214.0,5.0,2.0,2.0,1.0,24.0,5.0,2.0,2.0,1.0,24.0,0.0,2.0,2.0,1.0,20.0,3.0,2.0,2.0,1.0,83.0,0.0,2.0,2.0,1.0,196.0,0.0,3.0,2.0,1.0,800.0,0.0,4.0,2.0,1.0,3.0,7.0,8.0,"[[""BUY_PRODUCT"", ""WHEAT"", 13]]","[[""BUY_PRODUCT"", ""WHEAT"", 13], [""BUY_PRODUCT"", ""WHEAT"", 10], [""SELL"", ""WHEAT"", 10]]",0.0,0.0,0.0,292.0,376.0,35.832191780821915,35.85372340425532,-2852.0,517.0,581.0,84.0,90.0,80.42857142857143,79.73333333333333,-420.0,84.0,90.0,0.0,0.0,,,0.0,0.0,0.0,249.0,249.0,72.80722891566265,76.99598393574297,-1043.0,249.0,249.0,72.0,72.0,198.15277777777777,198.15277777777777,0.0,72.0,72.0,78.0,78.0,56.97435897435897,56.69230769230769,22.0,78.0,78.0,245.0,241.0,37.857142857142854,40.43568464730291,-470.0,245.0,241.0,161.0,144.0,34.36645962732919,38.479166666666664,-8.0,161.0,144.0,342.0,341.0,42.909356725146196,42.83284457478006,537.0,0.0,0.0,623.0,False,Different production mix,False,False,0.0,0.0,WHEAT,-2852.0,https://www.kaggle.com/competitions/kaggriculture/episodes/108252373
108195817,LONG NT123,0,L,-3541,submission_loss,BAKERY / BAKERY,"[""BAKERY"", ""BAKERY"", ""ICE_CREAM_SHOP"", ""ICE_CREAM_SHOP"", ""BAKERY"", ""PET_CAFE"", ""SMOOTHIE_SHOP"", ""PET_CAFE""]",0,0.9902642559109874,167,712,0,2630.0,0.0,0.0,0.0,1.0,1056.0,5.0,0.0,0.0,1.0,216.0,5.0,2.0,2.0,1.0,26.0,5.0,2.0,2.0,1.0,26.0,0.0,2.0,2.0,1.0,22.0,3.0,2.0,2.0,1.0,85.0,0.0,2.0,2.0,1.0,198.0,0.0,3.0,2.0,1.0,801.0,0.0,4.0,2.0,1.0,3.0,7.0,8.0,"[[""BUY_PRODUCT"", ""WHEAT"", 13]]","[[""BUY_PRODUCT"", ""WHEAT"", 13], [""SELL"", ""WHEAT"", 13], [""BUY_PRODUCT"", ""WHEAT"", 13]]",0.0,0.0,0.0,292.0,305.0,43.294520547945204,42.747540983606555,-9.0,517.0,517.0,84.0,84.0,46.226190476190474,46.345238095238095,-10.0,84.0,84.0,0.0,0.0,,,0.0,0.0,0.0,249.0,249.0,59.06425702811245,67.52208835341365,-2106.0,249.0,249.0,72.0,72.0,198.15277777777777,198.15277777777777,0.0,72.0,72.0,78.0,78.0,63.05128205128205,63.14102564102564,-7.0,78.0,78.0,245.0,245.0,35.57959183673469,40.42448979591837,-1187.0,245.0,245.0,161.0,161.0,34.21739130434783,34.63354037267081,-67.0,161.0,161.0,342.0,351.0,41.82748538011696,41.18233618233618,-155.0,0.0,0.0,0.0,False,Near-clone sale-price/timing,False,False,0.0,0.0,STRAWBERRY,-2106.0,https://www.kaggle.com/competitions/kaggriculture/episodes/108195817
108296103,Ant,0,L,-3518,submission_loss,BAKERY / ICE_CREAM_SHOP,"[""BAKERY"", ""ICE_CREAM_SHOP"", ""FARMERS_MARKET"", ""YARN_STORE"", ""FARMERS_MARKET"", ""FARMERS_MARKET"", ""FARMERS_MARKET"", ""PIZZA_SHOP""]",0,0.9652294853963839,133,2,0,2630.0,0.0,0.0,0.0,1.0,1052.0,5.0,0.0,0.0,1.0,212.0,5.0,2.0,2.0,1.0,22.0,5.0,2.0,2.0,1.0,22.0,0.0,2.0,2.0,1.0,18.0,3.0,2.0,2.0,1.0,81.0,0.0,2.0,2.0,1.0,194.0,0.0,3.0,2.0,1.0,797.0,0.0,4.0,2.0,1.0,3.0,7.0,8.0,"[[""BUY_PRODUCT"", ""WHEAT"", 13]]","[[""BUY_PRODUCT"", ""WHEAT"", 13], [""BUY_PRODUCT"", ""WHEAT"", 60], [""SELL"", ""WHEAT"", 60]]",0.0,0.0,0.0,292.0,448.0,43.47945205479452,38.94419642857143,-4.0,517.0,517.0,84.0,84.0,56.0,56.13095238095238,-11.0,84.0,84.0,0.0,0.0,,,0.0,0.0,0.0,249.0,249.0,159.29317269076304,164.23694779116465,-1231.0,249.0,249.0,72.0,66.0,200.91666666666666,205.45454545454547,906.0,72.0,66.0,78.0,78.0,53.96153846153846,54.01282051282051,-4.0,78.0,78.0,245.0,245.0,37.4734693877551,39.70204081632653,-546.0,245.0,245.0,161.0,161.0,101.54658385093168,117.36024844720497,-2546.0,161.0,161.0,342.0,344.0,42.058479532163744,41.81976744186046,-2.0,0.0,0.0,-80.0,False,Different production mix,False,False,0.0,0.0,WOOL,-2546.0,https://www.kaggle.com/competitions/kaggriculture/episodes/108296103
108311702,ansheng jhang,1,L,-2951,submission_loss,BAKERY / BAKERY,"[""BAKERY"", ""BAKERY"", ""YARN_STORE"", ""BRUNCH_SPOT"", ""PET_CAFE"", ""FARMERS_MARKET"", ""PIZZA_SHOP"", ""YARN_STORE""]",0,0.9749652294853964,161,676,0,2630.0,0.0,0.0,0.0,1.0,1056.0,5.0,0.0,0.0,1.0,216.0,5.0,2.0,2.0,1.0,26.0,5.0,2.0,2.0,1.0,26.0,0.0,2.0,2.0,1.0,22.0,3.0,2.0,2.0,1.0,85.0,0.0,2.0,2.0,1.0,198.0,0.0,3.0,2.0,1.0,801.0,0.0,4.0,2.0,1.0,3.0,7.0,8.0,"[[""BUY_PRODUCT"", ""WHEAT"", 13]]","[[""BUY_PRODUCT"", ""WHEAT"", 13], [""SELL"", ""WHEAT"", 13], [""BUY_PRODUCT"", ""WHEAT"", 13]]",0.0,0.0,0.0,292.0,305.0,41.582191780821915,41.101639344262296,-9.0,517.0,517.0,84.0,84.0,49.357142857142854,49.51190476190476,-13.0,84.0,84.0,0.0,0.0,,,0.0,0.0,0.0,249.0,249.0,28.004016064257026,34.7710843373494,-1685.0,249.0,249.0,72.0,72.0,198.15277777777777,198.15277777777777,0.0,72.0,72.0,78.0,78.0,64.16666666666667,64.24358974358974,-6.0,78.0,78.0,245.0,245.0,17.89387755102041,19.33469387755102,-353.0,245.0,245.0,161.0,161.0,208.944099378882,213.43478260869566,-723.0,161.0,161.0,342.0,347.0,41.80994152046784,41.65994236311239,-162.0,0.0,0.0,0.0,False,Near-clone sale-price/timing,False,False,0.0,0.0,STRAWBERRY,-1685.0,https://www.kaggle.com/competitions/kaggriculture/episodes/108311702
108258979,Mohamed El-Nageeb,1,L,-2352,submission_loss,FARMERS_MARKET / ICE_CREAM_SHOP,"[""FARMERS_MARKET"", ""ICE_CREAM_SHOP"", ""PET_CAFE"", ""PET_CAFE"", ""SMOOTHIE_SHOP"", ""ICE_CREAM_SHOP"", ""FARMERS_MARKET"", ""FARMERS_MARKET""]",0,0.9902642559109874,167,608,0,2630.0,0.0,0.0,0.0,1.0,1056.0,5.0,0.0,0.0,1.0,216.0,5.0,2.0,2.0,1.0,26.0,5.0,2.0,2.0,1.0,26.0,0.0,2.0,2.0,1.0,22.0,3.0,2.0,2.0,1.0,85.0,0.0,2.0,2.0,1.0,198.0,0.0,3.0,2.0,1.0,801.0,0.0,4.0,2.0,1.0,3.0,7.0,8.0,"[[""BUY_PRODUCT"", ""WHEAT"", 13]]","[[""BUY_PRODUCT"", ""WHEAT"", 13], [""BUY_PRODUCT"", ""WHEAT"", 30], [""SELL"", ""WHEAT"", 30]]",0.0,0.0,0.0,292.0,322.0,40.25,39.43788819875776,-4.0,517.0,517.0,84.0,84.0,133.3095238095238,134.21428571428572,-76.0,84.0,84.0,0.0,0.0,,,0.0,0.0,0.0,249.0,249.0,193.40562248995985,194.89558232931728,-371.0,249.0,249.0,72.0,72.0,198.15277777777777,198.15277777777777,0.0,72.0,72.0,78.0,78.0,44.19230769230769,44.205128205128204,-1.0,78.0,78.0,245.0,245.0,45.25714285714286,52.26122448979592,-1716.0,245.0,245.0,161.0,161.0,34.21739130434783,34.65217391304348,-70.0,161.0,161.0,342.0,354.0,41.88304093567251,40.771186440677965,-114.0,0.0,0.0,0.0,False,Near-clone sale-price/timing,False,False,0.0,0.0,MILK,-1716.0,https://www.kaggle.com/competitions/kaggriculture/episodes/108258979
108256082,Nicolas Krusche,1,L,-1899,submission_loss,BRUNCH_SPOT / FARMERS_MARKET,"[""BRUNCH_SPOT"", ""FARMERS_MARKET"", ""YARN_STORE"", ""FARMERS_MARKET"", ""SMOOTHIE_SHOP"", ""BAKERY"", ""BAKERY"", ""BAKERY""]",0,0.8581363004172462,190,257,0,2630.0,0.0,0.0,0.0,1.0,1048.0,5.0,0.0,0.0,1.0,208.0,5.0,2.0,2.0,1.0,18.0,5.0,2.0,2.0,1.0,18.0,0.0,2.0,2.0,1.0,14.0,3.0,2.0,2.0,1.0,107.0,0.0,2.0,2.0,1.0,220.0,0.0,3.0,2.0,1.0,793.0,0.0,4.0,2.0,1.0,3.0,7.0,7.0,"[[""BUY_PRODUCT"", ""WHEAT"", 13]]","[[""BUY_PRODUCT"", ""WHEAT"", 13], [""BUY_PRODUCT"", ""WHEAT"", 13], [""SELL"", ""WHEAT"", 13]]",0.0,0.0,0.0,291.0,366.0,41.8041237113402,40.81693989071038,-1524.0,517.0,550.0,84.0,90.0,49.333333333333336,49.68888888888889,-328.0,84.0,90.0,0.0,0.0,,,0.0,0.0,0.0,249.0,249.0,197.9718875502008,196.1164658634538,462.0,249.0,249.0,72.0,72.0,198.15277777777777,198.15277777777777,0.0,72.0,72.0,78.0,78.0,57.717948717948715,57.46153846153846,20.0,78.0,78.0,245.0,243.0,18.53061224489796,19.23045267489712,-133.0,245.0,243.0,161.0,161.0,187.65217391304347,192.24223602484471,-739.0,161.0,161.0,342.0,349.0,42.02046783625731,41.45272206303725,-13.0,0.0,0.0,356.0,False,Different production mix,False,False,0.0,0.0,WHEAT,-1524.0,https://www.kaggle.com/competitions/kaggriculture/episodes/108256082
108209420,nanare,0,L,-1849,submission_loss,BRUNCH_SPOT / BAKERY,"[""BRUNCH_SPOT"", ""BAKERY"", ""FARMERS_MARKET"", ""BAKERY"", ""FARMERS_MARKET"", ""PIZZA_SHOP"", ""FARMERS_MARKET"", ""BRUNCH_SPOT""]",0,0.04867872044506261,439,2,0,2630.0,0.0,0.0,0.0,1.0,1051.0,5.0,0.0,0.0,1.0,211.0,5.0,2.0,2.0,1.0,21.0,5.0,2.0,2.0,1.0,21.0,0.0,2.0,2.0,1.0,17.0,3.0,2.0,2.0,1.0,79.0,0.0,2.0,2.0,1.0,192.0,0.0,3.0,2.0,1.0,795.0,0.0,4.0,2.0,1.0,3.0,7.0,8.0,"[[""BUY_PRODUCT"", ""WHEAT"", 13]]","[[""BUY_PRODUCT"", ""WHEAT"", 10]]",0.0,0.0,0.0,292.0,416.0,44.636986301369866,45.78125,-6275.0,517.0,648.0,84.0,19.0,53.285714285714285,53.89473684210526,3452.0,84.0,19.0,0.0,0.0,,,0.0,0.0,0.0,249.0,262.0,137.36947791164658,119.93511450381679,2782.0,249.0,262.0,72.0,72.0,198.15277777777777,198.15277777777777,0.0,72.0,72.0,78.0,161.0,62.05128205128205,61.900621118012424,-5126.0,78.0,161.0,245.0,186.0,18.23265306122449,24.596774193548388,-108.0,245.0,186.0,161.0,158.0,35.13664596273292,34.075949367088604,273.0,161.0,158.0,342.0,333.0,43.380116959064324,42.807807807807805,841.0,0.0,0.0,2312.0,False,Different production mix,False,False,0.0,0.0,WHEAT,-6275.0,https://www.kaggle.com/competitions/kaggriculture/episodes/108209420
108147389,DharmParmar,0,L,-1789,submission_loss,PET_CAFE / PIZZA_SHOP,"[""PET_CAFE"", ""PIZZA_SHOP"", ""FARMERS_MARKET"", ""YARN_STORE"", ""FARMERS_MARKET"", ""BRUNCH_SPOT"", ""YARN_STORE"", ""BRUNCH_SPOT""]",0,0.9109874826147427,319,554,48,2630.0,0.0,0.0,0.0,1.0,1056.0,5.0,0.0,0.0,1.0,216.0,5.0,2.0,2.0,1.0,26.0,5.0,2.0,2.0,1.0,26.0,0.0,2.0,2.0,1.0,22.0,3.0,2.0,2.0,1.0,85.0,0.0,2.0,2.0,1.0,198.0,0.0,3.0,2.0,1.0,801.0,0.0,4.0,2.0,1.0,3.0,7.0,8.0,"[[""BUY_PRODUCT"", ""WHEAT"", 13]]","[[""BUY_PRODUCT"", ""WHEAT"", 13]]",0.0,0.0,0.0,292.0,355.0,39.29794520547945,39.605633802816904,-2577.0,517.0,580.0,84.0,85.0,73.04761904761905,73.5764705882353,-118.0,84.0,85.0,0.0,0.0,,,0.0,0.0,0.0,249.0,249.0,58.95983935742972,59.01204819277108,-13.0,249.0,249.0,72.0,72.0,198.15277777777777,198.15277777777777,0.0,72.0,72.0,78.0,74.0,46.34615384615385,46.41891891891892,180.0,78.0,78.0,245.0,245.0,37.00816326530612,37.673469387755105,-163.0,245.0,245.0,161.0,161.0,175.19254658385094,174.38509316770185,130.0,161.0,161.0,342.0,347.0,42.19298245614035,42.268011527377524,73.0,0.0,0.0,699.0,False,Different production mix,False,False,0.0,0.0,WHEAT,-2577.0,https://www.kaggle.com/competitions/kaggriculture/episodes/108147389
108276524,PursueML,0,L,-1767,submission_loss,BAKERY / BAKERY,"[""BAKERY"", ""BAKERY"", ""BAKERY"", ""FARMERS_MARKET"", ""FARMERS_MARKET"", ""BRUNCH_SPOT"", ""PIZZA_SHOP"", ""SMOOTHIE_SHOP""]",0,0.9986091794158554,112,718,0,2630.0,0.0,0.0,0.0,1.0,1056.0,5.0,0.0,0.0,1.0,216.0,5.0,2.0,2.0,1.0,26.0,5.0,2.0,2.0,1.0,26.0,0.0,2.0,2.0,1.0,22.0,3.0,2.0,2.0,1.0,85.0,0.0,2.0,2.0,1.0,198.0,0.0,3.0,2.0,1.0,801.0,0.0,4.0,2.0,1.0,3.0,7.0,8.0,"[[""BUY_PRODUCT"", ""WHEAT"", 13]]","[[""BUY_PRODUCT"", ""WHEAT"", 13], [""SELL"", ""WHEAT"", 13], [""BUY_PRODUCT"", ""WHEAT"", 13]]",0.0,0.0,0.0,292.0,305.0,44.5,43.842622950819674,5.0,517.0,517.0,84.0,84.0,45.51190476190476,45.67857142857143,-14.0,84.0,84.0,0.0,0.0,,,0.0,0.0,0.0,249.0,249.0,49.373493975903614,54.53012048192771,-1284.0,249.0,249.0,72.0,72.0,198.15277777777777,198.15277777777777,0.0,72.0,72.0,78.0,78.0,68.03846153846153,67.94871794871794,7.0,78.0,78.0,245.0,245.0,18.86530612244898,21.008163265306123,-525.0,245.0,245.0,161.0,161.0,34.267080745341616,34.58385093167702,-51.0,161.0,161.0,342.0,342.0,42.187134502923975,41.89766081871345,95.0,0.0,0.0,0.0,False,Near-clone sale-price/timing,False,False,0.0,0.0,STRAWBERRY,-1284.0,https://www.kaggle.com/competitions/kaggriculture/episodes/108276524
108211979,Dresden,1,L,-1662,submission_loss,YARN_STORE / YARN_STORE,"[""YARN_STORE"", ""YARN_STORE"", ""PET_CAFE"", ""ICE_CREAM_SHOP"", ""SMOOTHIE_SHOP"", ""ICE_CREAM_SHOP"", ""FARMERS_MARKET"", ""FARMERS_MARKET""]",12,0.3699582753824756,407,70,0,2630.0,0.0,0.0,0.0,1.0,1056.0,5.0,0.0,0.0,1.0,216.0,5.0,2.0,2.0,1.0,26.0,5.0,2.0,2.0,1.0,26.0,0.0,2.0,2.0,1.0,22.0,3.0,2.0,2.0,1.0,85.0,0.0,2.0,2.0,1.0,198.0,0.0,3.0,2.0,1.0,802.0,0.0,4.0,2.0,1.0,3.0,7.0,8.0,"[[""BUY_PRODUCT"", ""WHEAT"", 13]]","[[""BUY_PRODUCT"", ""WHEAT"", 13], [""SELL"", ""WHEAT"", 13], [""BUY_PRODUCT"", ""WHEAT"", 13]]",0.0,0.0,0.0,322.0,287.0,32.59627329192546,31.609756097560975,283.0,511.0,517.0,66.0,83.0,56.92424242424242,57.19277108433735,-990.0,66.0,83.0,0.0,0.0,,,0.0,0.0,0.0,228.0,247.0,64.58771929824562,59.036437246963565,144.0,228.0,247.0,72.0,72.0,197.65277777777777,198.30555555555554,-47.0,72.0,72.0,0.0,0.0,,,0.0,0.0,0.0,114.0,128.0,150.33333333333334,147.9296875,-1797.0,114.0,128.0,292.0,286.0,241.29794520547946,241.27272727272728,1455.0,292.0,286.0,311.0,326.0,43.89389067524116,41.64110429447853,212.0,0.0,0.0,-922.0,False,Different production mix,False,False,11.0,0.0,MILK,-1797.0,https://www.kaggle.com/competitions/kaggriculture/episodes/108211979
108201131,Skibidi Six Seven,0,L,-1520,submission_loss,BRUNCH_SPOT / PET_CAFE,"[""BRUNCH_SPOT"", ""PET_CAFE"", ""FARMERS_MARKET"", ""SMOOTHIE_SHOP"", ""BAKERY"", ""PET_CAFE"", ""BAKERY"", ""YARN_STORE""]",0,0.16133518776077882,372,2,1,2630.0,0.0,0.0,0.0,1.0,1054.0,5.0,0.0,0.0,1.0,214.0,5.0,2.0,2.0,1.0,24.0,5.0,2.0,2.0,1.0,24.0,0.0,2.0,2.0,1.0,20.0,3.0,2.0,2.0,1.0,82.0,0.0,2.0,2.0,1.0,195.0,0.0,3.0,2.0,1.0,798.0,0.0,4.0,2.0,1.0,3.0,7.0,8.0,"[[""BUY_PRODUCT"", ""WHEAT"", 13]]","[[""BUY_PRODUCT"", ""WHEAT"", 13]]",0.0,0.0,0.0,292.0,476.0,39.72945205479452,35.51260504201681,661.0,517.0,439.0,84.0,164.0,67.20238095238095,68.82317073170732,-5642.0,84.0,164.0,0.0,0.0,,,0.0,0.0,0.0,249.0,239.0,138.42570281124497,133.80334728033472,2489.0,249.0,241.0,72.0,72.0,198.15277777777777,198.15277777777777,0.0,72.0,72.0,78.0,163.0,55.0,54.95092024539877,-4667.0,78.0,163.0,245.0,149.0,23.485714285714284,30.308724832214764,1238.0,245.0,149.0,161.0,94.0,53.900621118012424,64.02127659574468,2660.0,161.0,94.0,342.0,360.0,42.388888888888886,39.96666666666667,220.0,0.0,0.0,1521.0,False,Different production mix,False,False,0.0,0.0,CARROT,-5642.0,https://www.kaggle.com/competitions/kaggriculture/episodes/108201131
108327339,Haroon Rasheed,1,L,-1324,submission_loss,YARN_STORE / ICE_CREAM_SHOP,"[""YARN_STORE"", ""ICE_CREAM_SHOP"", ""BAKERY"", ""PET_CAFE"", ""SMOOTHIE_SHOP"", ""BAKERY"", ""SMOOTHIE_SHOP"", ""SMOOTHIE_SHOP""]",9,1.0,122,,0,2630.0,0.0,0.0,0.0,1.0,1056.0,5.0,0.0,0.0,1.0,216.0,5.0,2.0,2.0,1.0,26.0,5.0,2.0,2.0,1.0,26.0,0.0,2.0,2.0,1.0,22.0,3.0,2.0,2.0,1.0,85.0,0.0,2.0,2.0,1.0,198.0,0.0,3.0,2.0,1.0,802.0,0.0,4.0,2.0,1.0,3.0,7.0,8.0,"[[""BUY_PRODUCT"", ""WHEAT"", 13]]","[[""BUY_PRODUCT"", ""WHEAT"", 13], [""SELL"", ""WHEAT"", 13], [""BUY_PRODUCT"", ""WHEAT"", 13]]",0.0,0.0,0.0,300.0,400.0,38.52333333333333,38.7825,-339.0,528.0,528.0,75.0,75.0,47.82666666666667,47.82666666666667,0.0,75.0,75.0,0.0,0.0,,,0.0,0.0,0.0,238.0,246.0,68.97478991596638,73.2479674796748,-1603.0,249.0,249.0,72.0,72.0,198.15277777777777,198.15277777777777,0.0,72.0,72.0,0.0,0.0,,,0.0,0.0,0.0,191.0,191.0,101.89005235602095,94.02094240837697,1503.0,191.0,191.0,278.0,278.0,110.82374100719424,113.5179856115108,-749.0,282.0,282.0,319.0,322.0,40.98746081504702,41.02795031055901,-136.0,0.0,0.0,0.0,False,Near-clone sale-price/timing,False,False,1.0,0.0,STRAWBERRY,-1603.0,https://www.kaggle.com/competitions/kaggriculture/episodes/108327339
108196817,Takamichi Toda,1,L,-1259,submission_loss,BRUNCH_SPOT / BAKERY,"[""BRUNCH_SPOT"", ""BAKERY"", ""FARMERS_MARKET"", ""BAKERY"", ""PET_CAFE"", ""BRUNCH_SPOT"", ""YARN_STORE"", ""SMOOTHIE_SHOP""]",0,0.9374130737134909,306,2,1,2630.0,0.0,0.0,0.0,1.0,1054.0,5.0,0.0,0.0,1.0,214.0,5.0,2.0,2.0,1.0,24.0,5.0,2.0,2.0,1.0,24.0,0.0,2.0,2.0,1.0,20.0,3.0,2.0,2.0,1.0,82.0,0.0,2.0,2.0,1.0,195.0,0.0,3.0,2.0,1.0,798.0,0.0,4.0,2.0,1.0,3.0,7.0,8.0,"[[""BUY_PRODUCT"", ""WHEAT"", 13]]","[[""BUY_PRODUCT"", ""WHEAT"", 13]]",0.0,0.0,0.0,292.0,304.0,42.83904109589041,42.9671052631579,-604.0,517.0,517.0,84.0,84.0,53.607142857142854,53.535714285714285,6.0,84.0,84.0,0.0,0.0,,,0.0,0.0,0.0,249.0,249.0,107.60642570281125,107.77911646586345,-43.0,249.0,249.0,72.0,72.0,198.15277777777777,198.15277777777777,0.0,72.0,72.0,78.0,76.0,66.55128205128206,66.13157894736842,165.0,78.0,76.0,245.0,233.0,18.179591836734694,19.369098712446352,-59.0,245.0,233.0,161.0,157.0,44.12422360248447,49.1656050955414,-615.0,161.0,157.0,342.0,349.0,41.845029239766085,41.355300859598856,-112.0,0.0,0.0,3.0,False,Different production mix,False,False,0.0,0.0,WOOL,-615.0,https://www.kaggle.com/competitions/kaggriculture/episodes/108196817
108156619,Linh Le,1,L,-769,submission_loss,SMOOTHIE_SHOP / BRUNCH_SPOT,"[""SMOOTHIE_SHOP"", ""BRUNCH_SPOT"", ""BRUNCH_SPOT"", ""ICE_CREAM_SHOP"", ""BRUNCH_SPOT"", ""PET_CAFE"", ""ICE_CREAM_SHOP"", ""PIZZA_SHOP""]",0,1.0,33,,0,2630.0,0.0,0.0,0.0,1.0,1056.0,5.0,0.0,0.0,1.0,216.0,5.0,2.0,2.0,1.0,26.0,5.0,2.0,2.0,1.0,26.0,0.0,2.0,2.0,1.0,22.0,3.0,2.0,2.0,1.0,85.0,0.0,2.0,2.0,1.0,198.0,0.0,3.0,2.0,1.0,802.0,0.0,4.0,2.0,1.0,3.0,7.0,8.0,"[[""BUY_PRODUCT"", ""WHEAT"", 13]]","[[""BUY_PRODUCT"", ""WHEAT"", 13], [""SELL"", ""WHEAT"", 13], [""BUY_PRODUCT"", ""WHEAT"", 13]]",0.0,0.0,0.0,292.0,305.0,41.25684931506849,40.75409836065574,5.0,517.0,517.0,84.0,84.0,41.416666666666664,41.416666666666664,0.0,84.0,84.0,0.0,0.0,,,0.0,0.0,0.0,249.0,249.0,237.09638554216866,237.28514056224898,-47.0,249.0,249.0,72.0,72.0,198.15277777777777,198.15277777777777,0.0,72.0,72.0,78.0,78.0,61.06410256410256,61.06410256410256,0.0,78.0,78.0,245.0,245.0,73.88979591836734,76.75102040816327,-701.0,245.0,245.0,161.0,161.0,34.40372670807454,34.52795031055901,-20.0,161.0,161.0,342.0,342.0,42.05263157894737,42.06140350877193,-6.0,0.0,0.0,0.0,False,Near-clone sale-price/timing,False,False,0.0,0.0,MILK,-701.0,https://www.kaggle.com/competitions/kaggriculture/episodes/108156619
108155602,Bantam,0,L,-750,submission_loss,BAKERY / PIZZA_SHOP,"[""BAKERY"", ""PIZZA_SHOP"", ""ICE_CREAM_SHOP"", ""ICE_CREAM_SHOP"", ""FARMERS_MARKET"", ""ICE_CREAM_SHOP"", ""ICE_CREAM_SHOP"", ""BAKERY""]",0,0.6898470097357441,219,70,96,2630.0,0.0,0.0,0.0,1.0,1056.0,5.0,0.0,0.0,1.0,216.0,5.0,2.0,2.0,1.0,26.0,5.0,2.0,2.0,1.0,26.0,0.0,2.0,2.0,1.0,22.0,3.0,2.0,2.0,1.0,85.0,0.0,2.0,2.0,1.0,198.0,0.0,3.0,2.0,1.0,801.0,0.0,4.0,2.0,1.0,3.0,7.0,8.0,"[[""BUY_PRODUCT"", ""WHEAT"", 13]]","[[""BUY_PRODUCT"", ""WHEAT"", 13]]",0.0,0.0,0.0,292.0,344.0,44.32876712328767,44.67151162790697,-2422.0,517.0,566.0,84.0,95.0,35.79761904761905,35.96842105263158,-410.0,84.0,95.0,0.0,120.0,,83.11666666666666,-9974.0,0.0,120.0,249.0,249.0,110.16867469879519,110.14859437751004,5.0,249.0,249.0,72.0,72.0,198.15277777777777,198.15277777777777,0.0,72.0,72.0,78.0,78.0,54.53846153846154,54.5,3.0,78.0,78.0,245.0,245.0,186.83265306122448,185.9142857142857,225.0,245.0,245.0,161.0,161.0,34.24223602484472,34.608695652173914,-59.0,161.0,161.0,342.0,336.0,42.68421052631579,43.023809523809526,422.0,0.0,0.0,11460.0,False,Different production mix,False,False,0.0,0.0,TOMATO,-9974.0,https://www.kaggle.com/competitions/kaggriculture/episodes/108155602
108235913,Nicolas Krusche,0,L,-261,submission_loss,ICE_CREAM_SHOP / BRUNCH_SPOT,"[""ICE_CREAM_SHOP"", ""BRUNCH_SPOT"", ""BRUNCH_SPOT"", ""YARN_STORE"", ""FARMERS_MARKET"", ""YARN_STORE"", ""ICE_CREAM_SHOP"", ""BRUNCH_SPOT""]",0,0.8553546592489569,196,261,0,2630.0,0.0,0.0,0.0,1.0,1048.0,5.0,0.0,0.0,1.0,208.0,5.0,2.0,2.0,1.0,18.0,5.0,2.0,2.0,1.0,18.0,0.0,2.0,2.0,1.0,14.0,3.0,2.0,2.0,1.0,107.0,0.0,2.0,2.0,1.0,220.0,0.0,3.0,2.0,1.0,793.0,0.0,4.0,2.0,1.0,3.0,7.0,7.0,"[[""BUY_PRODUCT"", ""WHEAT"", 13]]","[[""BUY_PRODUCT"", ""WHEAT"", 13], [""BUY_PRODUCT"", ""WHEAT"", 13], [""SELL"", ""WHEAT"", 13]]",0.0,0.0,0.0,291.0,364.0,42.57388316151203,41.48351648351648,-1526.0,517.0,550.0,84.0,90.0,35.892857142857146,36.422222222222224,-263.0,84.0,90.0,0.0,0.0,,,0.0,0.0,0.0,249.0,249.0,215.86345381526104,213.2008032128514,663.0,249.0,249.0,72.0,72.0,198.15277777777777,198.15277777777777,0.0,72.0,72.0,78.0,78.0,58.6025641025641,58.44871794871795,12.0,78.0,78.0,245.0,243.0,50.751020408163264,50.77366255144033,96.0,245.0,243.0,161.0,161.0,196.50931677018633,193.90683229813664,419.0,161.0,161.0,342.0,349.0,42.01169590643275,41.46131805157593,-18.0,0.0,0.0,356.0,False,Different production mix,False,False,0.0,0.0,WHEAT,-1526.0,https://www.kaggle.com/competitions/kaggriculture/episodes/108235913
108220091,Marko Rupnik,1,L,-209,submission_loss,ICE_CREAM_SHOP / BRUNCH_SPOT,"[""ICE_CREAM_SHOP"", ""BRUNCH_SPOT"", ""YARN_STORE"", ""ICE_CREAM_SHOP"", ""ICE_CREAM_SHOP"", ""SMOOTHIE_SHOP"", ""YARN_STORE"", ""ICE_CREAM_SHOP""]",0,0.8456189151599444,243,2,0,2633.0,0.0,0.0,0.0,1.0,1045.0,5.0,0.0,0.0,1.0,205.0,5.0,2.0,2.0,1.0,15.0,5.0,2.0,2.0,1.0,15.0,0.0,2.0,2.0,1.0,11.0,3.0,2.0,2.0,1.0,104.0,0.0,2.0,2.0,1.0,217.0,0.0,3.0,2.0,1.0,789.0,0.0,4.0,2.0,1.0,3.0,7.0,7.0,"[[""BUY_PRODUCT"", ""WHEAT"", 13]]","[[""BUY_PRODUCT"", ""WHEAT"", 7], [""BUY_PRODUCT"", ""WHEAT"", 20], [""SELL"", ""WHEAT"", 60]]",0.0,0.0,0.0,291.0,305.0,41.67353951890034,41.34098360655738,32.0,517.0,514.0,84.0,87.0,27.571428571428573,27.839080459770116,-106.0,84.0,87.0,0.0,0.0,,,0.0,0.0,0.0,249.0,249.0,215.02008032128515,214.6706827309237,87.0,249.0,249.0,72.0,72.0,198.15277777777777,198.15277777777777,0.0,72.0,72.0,78.0,78.0,52.87179487179487,52.91025641025641,-3.0,78.0,78.0,245.0,245.0,158.0326530612245,157.66938775510204,89.0,245.0,245.0,161.0,161.0,218.27329192546583,219.7639751552795,-240.0,161.0,161.0,342.0,345.0,41.90350877192982,41.542028985507244,-86.0,0.0,0.0,18.0,False,Different production mix,False,False,0.0,0.0,WOOL,-240.0,https://www.kaggle.com/competitions/kaggriculture/episodes/108220091
108222982,JeovaAnderson,1,L,-190,submission_loss,PIZZA_SHOP / YARN_STORE,"[""PIZZA_SHOP"", ""YARN_STORE"", ""PIZZA_SHOP"", ""BAKERY"", ""PET_CAFE"", ""ICE_CREAM_SHOP"", ""BRUNCH_SPOT"", ""BRUNCH_SPOT""]",7,1.0,11,,0,2630.0,0.0,0.0,0.0,1.0,1056.0,5.0,0.0,0.0,1.0,216.0,5.0,2.0,2.0,1.0,26.0,5.0,2.0,2.0,1.0,26.0,0.0,2.0,2.0,1.0,22.0,3.0,2.0,2.0,1.0,85.0,0.0,2.0,2.0,1.0,198.0,0.0,3.0,2.0,1.0,801.0,0.0,4.0,2.0,1.0,3.0,7.0,8.0,"[[""BUY_PRODUCT"", ""WHEAT"", 13]]","[[""BUY_PRODUCT"", ""WHEAT"", 13], [""SELL"", ""WHEAT"", 13], [""BUY_PRODUCT"", ""WHEAT"", 13]]",0.0,0.0,0.0,267.0,280.0,41.31460674157304,40.76428571428571,0.0,517.0,517.0,84.0,84.0,44.214285714285715,44.214285714285715,0.0,84.0,84.0,0.0,0.0,,,0.0,0.0,0.0,249.0,249.0,20.899598393574298,20.899598393574298,0.0,249.0,249.0,72.0,72.0,198.15277777777777,198.15277777777777,0.0,72.0,72.0,0.0,0.0,,,0.0,0.0,0.0,191.0,191.0,195.09947643979058,195.09947643979058,0.0,191.0,191.0,272.0,272.0,98.82720588235294,99.19117647058823,-99.0,272.0,272.0,337.0,337.0,40.61721068249258,40.88724035608308,-91.0,0.0,0.0,0.0,False,Near-clone sale-price/timing,False,False,1.0,0.0,WOOL,-99.0,https://www.kaggle.com/competitions/kaggriculture/episodes/108222982
108191810,HY ISHI,1,L,-155,submission_loss,BRUNCH_SPOT / FARMERS_MARKET,"[""BRUNCH_SPOT"", ""FARMERS_MARKET"", ""YARN_STORE"", ""YARN_STORE"", ""PET_CAFE"", ""SMOOTHIE_SHOP"", ""SMOOTHIE_SHOP"", ""PIZZA_SHOP""]",0,0.9930458970792768,127,94,0,2630.0,0.0,0.0,0.0,1.0,1056.0,5.0,0.0,0.0,1.0,216.0,5.0,2.0,2.0,1.0,26.0,5.0,2.0,2.0,1.0,26.0,0.0,2.0,2.0,1.0,22.0,3.0,2.0,2.0,1.0,85.0,0.0,2.0,2.0,1.0,198.0,0.0,3.0,2.0,1.0,801.0,0.0,4.0,2.0,1.0,3.0,7.0,8.0,"[[""BUY_PRODUCT"", ""WHEAT"", 13]]","[[""BUY_PRODUCT"", ""WHEAT"", 13], [""SELL"", ""WHEAT"", 13], [""BUY_PRODUCT"", ""WHEAT"", 13]]",0.0,0.0,0.0,292.0,321.0,38.24315068493151,37.822429906542055,-591.0,517.0,517.0,84.0,84.0,55.142857142857146,54.904761904761905,20.0,84.0,84.0,0.0,0.0,,,0.0,0.0,0.0,249.0,242.0,137.0120481927711,143.1900826446281,-536.0,249.0,243.0,72.0,72.0,198.15277777777777,198.15277777777777,0.0,72.0,72.0,78.0,77.0,54.05128205128205,53.97402597402598,60.0,78.0,78.0,245.0,218.0,22.56734693877551,24.527522935779817,182.0,245.0,218.0,161.0,160.0,233.38509316770185,233.475,219.0,161.0,160.0,342.0,326.0,42.880116959064324,43.47852760736196,491.0,0.0,0.0,0.0,False,Different production mix,False,False,0.0,0.0,WHEAT,-591.0,https://www.kaggle.com/competitions/kaggriculture/episodes/108191810
108205917,Haramball forever!,1,L,-140,submission_loss,YARN_STORE / ICE_CREAM_SHOP,"[""YARN_STORE"", ""ICE_CREAM_SHOP"", ""YARN_STORE"", ""BRUNCH_SPOT"", ""ICE_CREAM_SHOP"", ""PIZZA_SHOP"", ""BRUNCH_SPOT"", ""FARMERS_MARKET""]",9,0.3657858136300417,355,70,0,2643.0,0.0,0.0,0.0,1.0,1069.0,5.0,0.0,0.0,1.0,229.0,5.0,2.0,2.0,1.0,39.0,5.0,2.0,2.0,1.0,39.0,0.0,2.0,2.0,1.0,35.0,3.0,2.0,2.0,1.0,99.0,0.0,2.0,2.0,1.0,212.0,0.0,3.0,2.0,1.0,816.0,0.0,4.0,2.0,1.0,3.0,7.0,8.0,"[[""BUY_PRODUCT"", ""WHEAT"", 13]]","[[""SELL"", ""WHEAT"", 0], [""SELL"", ""WHEAT"", 0], [""BUY_PRODUCT"", ""WHEAT"", 13]]",0.0,0.0,0.0,300.0,259.0,40.473333333333336,39.88030888030888,-415.0,528.0,517.0,75.0,83.0,30.826666666666668,31.96385542168675,-341.0,75.0,83.0,0.0,0.0,,,0.0,0.0,0.0,238.0,249.0,111.61344537815125,111.07228915662651,-1093.0,249.0,249.0,72.0,72.0,197.65277777777777,198.30555555555554,-47.0,72.0,72.0,0.0,0.0,,,0.0,0.0,0.0,191.0,191.0,103.2303664921466,104.37696335078535,-219.0,191.0,191.0,278.0,270.0,239.74460431654677,239.62222222222223,1951.0,282.0,270.0,319.0,338.0,40.90282131661442,40.20414201183432,-139.0,0.0,0.0,163.0,False,Different production mix,False,False,1.0,0.0,STRAWBERRY,-1093.0,https://www.kaggle.com/competitions/kaggriculture/episodes/108205917
108176698,Egor Trushin,0,L,-35,submission_loss,YARN_STORE / PIZZA_SHOP,"[""YARN_STORE"", ""PIZZA_SHOP"", ""YARN_STORE"", ""YARN_STORE"", ""SMOOTHIE_SHOP"", ""PIZZA_SHOP"", ""PIZZA_SHOP"", ""BRUNCH_SPOT""]",6,0.9819193324061196,2,698,0,2630.0,0.0,0.0,0.0,1.0,1056.0,5.0,0.0,0.0,1.0,216.0,5.0,2.0,2.0,1.0,26.0,5.0,2.0,2.0,1.0,26.0,0.0,2.0,2.0,1.0,22.0,3.0,2.0,2.0,1.0,85.0,0.0,2.0,2.0,1.0,198.0,0.0,3.0,2.0,1.0,802.0,0.0,4.0,2.0,1.0,3.0,7.0,8.0,"[[""BUY_PRODUCT"", ""WHEAT"", 13]]","[[""BUY_PRODUCT"", ""WHEAT"", 13], [""SELL"", ""WHEAT"", 13], [""BUY_PRODUCT"", ""WHEAT"", 13]]",0.0,0.0,0.0,267.0,280.0,35.9063670411985,35.607142857142854,0.0,517.0,517.0,84.0,85.0,27.821428571428573,27.788235294117648,-25.0,84.0,85.0,0.0,0.0,,,0.0,0.0,0.0,249.0,249.0,22.21285140562249,22.21285140562249,0.0,249.0,249.0,72.0,72.0,198.15277777777777,198.15277777777777,0.0,72.0,72.0,0.0,0.0,,,0.0,0.0,0.0,191.0,191.0,128.71204188481676,128.71204188481676,0.0,191.0,191.0,272.0,272.0,245.90073529411765,245.90073529411765,0.0,272.0,272.0,337.0,347.0,40.76557863501483,39.61959654178674,-10.0,0.0,0.0,0.0,False,Different production mix,False,False,1.0,0.0,CARROT,-25.0,https://www.kaggle.com/competitions/kaggriculture/episodes/108176698
108153582,Ryoya Tsuruoka,0,L,-24,submission_loss,ICE_CREAM_SHOP / BRUNCH_SPOT,"[""ICE_CREAM_SHOP"", ""BRUNCH_SPOT"", ""SMOOTHIE_SHOP"", ""ICE_CREAM_SHOP"", ""YARN_STORE"", ""BRUNCH_SPOT"", ""YARN_STORE"", ""FARMERS_MARKET""]",0,0.9916550764951322,3,712,0,2630.0,0.0,0.0,0.0,1.0,1056.0,5.0,0.0,0.0,1.0,216.0,5.0,2.0,2.0,1.0,26.0,5.0,2.0,2.0,1.0,26.0,0.0,2.0,2.0,1.0,22.0,3.0,2.0,2.0,1.0,85.0,0.0,2.0,2.0,1.0,198.0,0.0,3.0,2.0,1.0,801.0,0.0,4.0,2.0,1.0,3.0,7.0,8.0,"[[""BUY_PRODUCT"", ""WHEAT"", 13]]","[[""BUY_PRODUCT"", ""WHEAT"", 13], [""SELL"", ""WHEAT"", 13], [""BUY_PRODUCT"", ""WHEAT"", 13]]",0.0,0.0,0.0,292.0,305.0,41.284246575342465,40.78032786885246,0.0,517.0,517.0,84.0,84.0,30.928571428571427,30.928571428571427,0.0,84.0,84.0,0.0,0.0,,,0.0,0.0,0.0,249.0,249.0,228.86746987951807,228.91967871485943,-13.0,249.0,249.0,72.0,72.0,198.15277777777777,198.15277777777777,0.0,72.0,72.0,78.0,78.0,54.94871794871795,54.94871794871795,0.0,78.0,78.0,245.0,245.0,159.36326530612246,159.36326530612246,0.0,245.0,245.0,161.0,161.0,142.35403726708074,142.35403726708074,0.0,161.0,161.0,342.0,353.0,42.058479532163744,40.77903682719547,-11.0,0.0,0.0,0.0,False,Near-clone sale-price/timing,False,False,0.0,0.0,STRAWBERRY,-13.0,https://www.kaggle.com/competitions/kaggriculture/episodes/108153582
108223140,Kucing Garong,0,L,-10,submission_loss,YARN_STORE / BRUNCH_SPOT,"[""YARN_STORE"", ""BRUNCH_SPOT"", ""ICE_CREAM_SHOP"", ""YARN_STORE"", ""SMOOTHIE_SHOP"", ""ICE_CREAM_SHOP"", ""YARN_STORE"", ""FARMERS_MARKET""]",9,0.9902642559109874,2,712,0,2630.0,0.0,0.0,0.0,1.0,1056.0,5.0,0.0,0.0,1.0,216.0,5.0,2.0,2.0,1.0,26.0,5.0,2.0,2.0,1.0,26.0,0.0,2.0,2.0,1.0,22.0,3.0,2.0,2.0,1.0,85.0,0.0,2.0,2.0,1.0,198.0,0.0,3.0,2.0,1.0,802.0,0.0,4.0,2.0,1.0,3.0,7.0,8.0,"[[""BUY_PRODUCT"", ""WHEAT"", 13]]","[[""BUY_PRODUCT"", ""WHEAT"", 13], [""SELL"", ""WHEAT"", 13], [""BUY_PRODUCT"", ""WHEAT"", 13]]",0.0,0.0,0.0,300.0,313.0,38.85333333333333,38.46325878594249,0.0,528.0,528.0,75.0,75.0,31.893333333333334,31.893333333333334,0.0,75.0,75.0,0.0,0.0,,,0.0,0.0,0.0,238.0,238.0,144.8655462184874,144.8655462184874,0.0,249.0,249.0,72.0,72.0,198.15277777777777,198.15277777777777,0.0,72.0,72.0,0.0,0.0,,,0.0,0.0,0.0,191.0,191.0,73.87434554973822,73.87434554973822,0.0,191.0,191.0,278.0,278.0,238.63309352517985,238.63309352517985,0.0,282.0,282.0,319.0,329.0,41.206896551724135,39.984802431610944,-10.0,0.0,0.0,0.0,False,Near-clone sale-price/timing,False,False,1.0,0.0,FERTILIZER,-10.0,https://www.kaggle.com/competitions/kaggriculture/episodes/108223140
108390972,Stanislav Ilin,0,L,-7,submission_loss,ICE_CREAM_SHOP / BRUNCH_SPOT,"[""ICE_CREAM_SHOP"", ""BRUNCH_SPOT"", ""PIZZA_SHOP"", ""BRUNCH_SPOT"", ""BRUNCH_SPOT"", ""PIZZA_SHOP"", ""ICE_CREAM_SHOP"", ""PET_CAFE""]",0,0.9902642559109874,2,712,0,2630.0,0.0,0.0,0.0,1.0,1056.0,5.0,0.0,0.0,1.0,216.0,5.0,2.0,2.0,1.0,26.0,5.0,2.0,2.0,1.0,26.0,0.0,2.0,2.0,1.0,22.0,3.0,2.0,2.0,1.0,85.0,0.0,2.0,2.0,1.0,198.0,0.0,3.0,2.0,1.0,801.0,0.0,4.0,2.0,1.0,3.0,7.0,8.0,"[[""BUY_PRODUCT"", ""WHEAT"", 13]]","[[""BUY_PRODUCT"", ""WHEAT"", 13], [""SELL"", ""WHEAT"", 13], [""BUY_PRODUCT"", ""WHEAT"", 13]]",0.0,0.0,0.0,292.0,305.0,44.49657534246575,43.855737704918035,0.0,517.0,517.0,84.0,84.0,34.226190476190474,34.226190476190474,0.0,84.0,84.0,0.0,0.0,,,0.0,0.0,0.0,249.0,249.0,208.43373493975903,208.43373493975903,0.0,249.0,249.0,72.0,72.0,198.15277777777777,198.15277777777777,0.0,72.0,72.0,78.0,78.0,59.97435897435897,59.97435897435897,0.0,78.0,78.0,245.0,245.0,134.4204081632653,134.4204081632653,0.0,245.0,245.0,161.0,161.0,34.49689440993789,34.49689440993789,0.0,161.0,161.0,342.0,349.0,42.058479532163744,41.23495702005731,-7.0,0.0,0.0,0.0,False,Near-clone sale-price/timing,False,False,0.0,0.0,FERTILIZER,-7.0,https://www.kaggle.com/competitions/kaggriculture/episodes/108390972
108182680,Akira Hirohashi,0,L,-6,submission_loss,BRUNCH_SPOT / ICE_CREAM_SHOP,"[""BRUNCH_SPOT"", ""ICE_CREAM_SHOP"", ""ICE_CREAM_SHOP"", ""YARN_STORE"", ""SMOOTHIE_SHOP"", ""BAKERY"", ""BAKERY"", ""BAKERY""]",0,0.9902642559109874,2,712,0,2630.0,0.0,0.0,0.0,1.0,1056.0,5.0,0.0,0.0,1.0,216.0,5.0,2.0,2.0,1.0,26.0,5.0,2.0,2.0,1.0,26.0,0.0,2.0,2.0,1.0,22.0,3.0,2.0,2.0,1.0,85.0,0.0,2.0,2.0,1.0,198.0,0.0,3.0,2.0,1.0,801.0,0.0,4.0,2.0,1.0,3.0,7.0,8.0,"[[""BUY_PRODUCT"", ""WHEAT"", 13]]","[[""BUY_PRODUCT"", ""WHEAT"", 13], [""SELL"", ""WHEAT"", 13], [""BUY_PRODUCT"", ""WHEAT"", 13]]",0.0,0.0,0.0,292.0,305.0,42.35958904109589,41.80983606557377,0.0,517.0,517.0,84.0,84.0,27.845238095238095,27.845238095238095,0.0,84.0,84.0,0.0,0.0,,,0.0,0.0,0.0,249.0,249.0,208.90361445783134,208.90361445783134,0.0,249.0,249.0,72.0,72.0,198.15277777777777,198.15277777777777,0.0,72.0,72.0,78.0,78.0,57.67948717948718,57.67948717948718,0.0,78.0,78.0,245.0,245.0,95.00816326530612,95.00816326530612,0.0,245.0,245.0,161.0,161.0,114.06832298136646,114.06832298136646,0.0,161.0,161.0,342.0,348.0,42.058479532163744,41.35057471264368,-6.0,0.0,0.0,0.0,False,Near-clone sale-price/timing,False,False,0.0,0.0,FERTILIZER,-6.0,https://www.kaggle.com/competitions/kaggriculture/episodes/108182680
108158623,Jacob Alstrup,1,L,-5,submission_loss,SMOOTHIE_SHOP / BRUNCH_SPOT,"[""SMOOTHIE_SHOP"", ""BRUNCH_SPOT"", ""YARN_STORE"", ""ICE_CREAM_SHOP"", ""FARMERS_MARKET"", ""ICE_CREAM_SHOP"", ""ICE_CREAM_SHOP"", ""BAKERY""]",0,0.9916550764951322,1,712,0,2630.0,0.0,0.0,0.0,1.0,1056.0,5.0,0.0,0.0,1.0,216.0,5.0,2.0,2.0,1.0,26.0,5.0,2.0,2.0,1.0,26.0,0.0,2.0,2.0,1.0,22.0,3.0,2.0,2.0,1.0,85.0,0.0,2.0,2.0,1.0,198.0,0.0,3.0,2.0,1.0,802.0,0.0,4.0,2.0,1.0,3.0,7.0,8.0,"[[""BUY_PRODUCT"", ""WHEAT"", 13]]","[[""BUY_PRODUCT"", ""WHEAT"", 13], [""SELL"", ""WHEAT"", 13], [""BUY_PRODUCT"", ""WHEAT"", 13]]",0.0,0.0,0.0,292.0,305.0,40.06164383561644,39.609836065573774,0.0,517.0,517.0,84.0,84.0,36.535714285714285,36.535714285714285,0.0,84.0,84.0,0.0,0.0,,,0.0,0.0,0.0,249.0,249.0,219.74698795180723,219.74698795180723,0.0,249.0,249.0,72.0,72.0,198.15277777777777,198.15277777777777,0.0,72.0,72.0,78.0,78.0,53.5,53.5,0.0,78.0,78.0,245.0,245.0,101.35102040816327,101.35102040816327,0.0,245.0,245.0,161.0,161.0,194.52173913043478,194.52173913043478,0.0,161.0,161.0,342.0,347.0,42.058479532163744,41.46685878962536,-5.0,0.0,0.0,0.0,False,Near-clone sale-price/timing,False,False,0.0,0.0,FERTILIZER,-5.0,https://www.kaggle.com/competitions/kaggriculture/episodes/108158623
108171686,Harshini Reddy,1,L,-5,submission_loss,BAKERY / SMOOTHIE_SHOP,"[""BAKERY"", ""SMOOTHIE_SHOP"", ""BRUNCH_SPOT"", ""SMOOTHIE_SHOP"", ""YARN_STORE"", ""YARN_STORE"", ""FARMERS_MARKET"", ""ICE_CREAM_SHOP""]",0,0.9916550764951322,1,712,0,2630.0,0.0,0.0,0.0,1.0,1056.0,5.0,0.0,0.0,1.0,216.0,5.0,2.0,2.0,1.0,26.0,5.0,2.0,2.0,1.0,26.0,0.0,2.0,2.0,1.0,22.0,3.0,2.0,2.0,1.0,85.0,0.0,2.0,2.0,1.0,198.0,0.0,3.0,2.0,1.0,801.0,0.0,4.0,2.0,1.0,3.0,7.0,8.0,"[[""BUY_PRODUCT"", ""WHEAT"", 13]]","[[""BUY_PRODUCT"", ""WHEAT"", 13], [""SELL"", ""WHEAT"", 13], [""BUY_PRODUCT"", ""WHEAT"", 13]]",0.0,0.0,0.0,292.0,305.0,38.66095890410959,38.268852459016394,0.0,517.0,517.0,84.0,84.0,32.75,32.75,0.0,84.0,84.0,0.0,0.0,,,0.0,0.0,0.0,249.0,249.0,151.46184738955824,151.46184738955824,0.0,249.0,249.0,72.0,72.0,198.15277777777777,198.15277777777777,0.0,72.0,72.0,78.0,78.0,59.19230769230769,59.19230769230769,0.0,78.0,78.0,245.0,245.0,52.96734693877551,52.96734693877551,0.0,245.0,245.0,161.0,161.0,169.7826086956522,169.7826086956522,0.0,161.0,161.0,342.0,347.0,42.058479532163744,41.46685878962536,-5.0,0.0,0.0,0.0,False,Near-clone sale-price/timing,False,False,0.0,0.0,FERTILIZER,-5.0,https://www.kaggle.com/competitions/kaggriculture/episodes/108171686
108184739,Noir,1,L,-5,submission_loss,FARMERS_MARKET / SMOOTHIE_SHOP,"[""FARMERS_MARKET"", ""SMOOTHIE_SHOP"", ""FARMERS_MARKET"", ""ICE_CREAM_SHOP"", ""BRUNCH_SPOT"", ""BAKERY"", ""YARN_STORE"", ""ICE_CREAM_SHOP""]",0,0.9916550764951322,1,712,0,2630.0,0.0,0.0,0.0,1.0,1056.0,5.0,0.0,0.0,1.0,216.0,5.0,2.0,2.0,1.0,26.0,5.0,2.0,2.0,1.0,26.0,0.0,2.0,2.0,1.0,22.0,3.0,2.0,2.0,1.0,85.0,0.0,2.0,2.0,1.0,198.0,0.0,3.0,2.0,1.0,801.0,0.0,4.0,2.0,1.0,3.0,7.0,8.0,"[[""BUY_PRODUCT"", ""WHEAT"", 13]]","[[""BUY_PRODUCT"", ""WHEAT"", 13], [""SELL"", ""WHEAT"", 13], [""BUY_PRODUCT"", ""WHEAT"", 13]]",0.0,0.0,0.0,292.0,305.0,42.08904109589041,41.55081967213115,0.0,517.0,517.0,84.0,84.0,52.61904761904762,52.61904761904762,0.0,84.0,84.0,0.0,0.0,,,0.0,0.0,0.0,249.0,249.0,234.5582329317269,234.5582329317269,0.0,249.0,249.0,72.0,72.0,198.15277777777777,198.15277777777777,0.0,72.0,72.0,78.0,78.0,51.705128205128204,51.705128205128204,0.0,78.0,78.0,245.0,245.0,52.96734693877551,52.96734693877551,0.0,245.0,245.0,161.0,161.0,49.06211180124224,49.06211180124224,0.0,161.0,161.0,342.0,347.0,42.058479532163744,41.46685878962536,-5.0,0.0,0.0,0.0,False,Near-clone sale-price/timing,False,False,0.0,0.0,FERTILIZER,-5.0,https://www.kaggle.com/competitions/kaggriculture/episodes/108184739
108185753,Sinh Nguyễn Đức,1,L,-5,submission_loss,BRUNCH_SPOT / PET_CAFE,"[""BRUNCH_SPOT"", ""PET_CAFE"", ""PIZZA_SHOP"", ""FARMERS_MARKET"", ""PET_CAFE"", ""ICE_CREAM_SHOP"", ""YARN_STORE"", ""FARMERS_MARKET""]",0,0.9916550764951322,1,712,0,2630.0,0.0,0.0,0.0,1.0,1056.0,5.0,0.0,0.0,1.0,216.0,5.0,2.0,2.0,1.0,26.0,5.0,2.0,2.0,1.0,26.0,0.0,2.0,2.0,1.0,22.0,3.0,2.0,2.0,1.0,85.0,0.0,2.0,2.0,1.0,198.0,0.0,3.0,2.0,1.0,801.0,0.0,4.0,2.0,1.0,3.0,7.0,8.0,"[[""BUY_PRODUCT"", ""WHEAT"", 13]]","[[""BUY_PRODUCT"", ""WHEAT"", 13], [""SELL"", ""WHEAT"", 13], [""BUY_PRODUCT"", ""WHEAT"", 13]]",0.0,0.0,0.0,292.0,305.0,40.93493150684932,40.445901639344264,0.0,517.0,517.0,84.0,84.0,87.5952380952381,87.5952380952381,0.0,84.0,84.0,0.0,0.0,,,0.0,0.0,0.0,249.0,249.0,99.39357429718875,99.39357429718875,0.0,249.0,249.0,72.0,72.0,198.15277777777777,198.15277777777777,0.0,72.0,72.0,78.0,78.0,54.05128205128205,54.05128205128205,0.0,78.0,78.0,245.0,245.0,30.510204081632654,30.510204081632654,0.0,245.0,245.0,161.0,161.0,49.06211180124224,49.06211180124224,0.0,161.0,161.0,342.0,347.0,42.058479532163744,41.46685878962536,-5.0,0.0,0.0,0.0,False,Near-clone sale-price/timing,False,False,0.0,0.0,FERTILIZER,-5.0,https://www.kaggle.com/competitions/kaggriculture/episodes/108185753
108219073,isk54_34,1,L,-5,submission_loss,PIZZA_SHOP / PET_CAFE,"[""PIZZA_SHOP"", ""PET_CAFE"", ""BRUNCH_SPOT"", ""FARMERS_MARKET"", ""SMOOTHIE_SHOP"", ""YARN_STORE"", ""BRUNCH_SPOT"", ""PET_CAFE""]",0,0.9916550764951322,1,712,0,2630.0,0.0,0.0,0.0,1.0,1056.0,5.0,0.0,0.0,1.0,216.0,5.0,2.0,2.0,1.0,26.0,5.0,2.0,2.0,1.0,26.0,0.0,2.0,2.0,1.0,22.0,3.0,2.0,2.0,1.0,85.0,0.0,2.0,2.0,1.0,198.0,0.0,3.0,2.0,1.0,801.0,0.0,4.0,2.0,1.0,3.0,7.0,8.0,"[[""BUY_PRODUCT"", ""WHEAT"", 13]]","[[""BUY_PRODUCT"", ""WHEAT"", 13], [""SELL"", ""WHEAT"", 13], [""BUY_PRODUCT"", ""WHEAT"", 13]]",0.0,0.0,0.0,292.0,305.0,40.21917808219178,39.760655737704916,0.0,517.0,517.0,84.0,84.0,65.64285714285714,65.64285714285714,0.0,84.0,84.0,0.0,0.0,,,0.0,0.0,0.0,249.0,249.0,90.93172690763052,90.93172690763052,0.0,249.0,249.0,72.0,72.0,198.15277777777777,198.15277777777777,0.0,72.0,72.0,78.0,78.0,53.06410256410256,53.06410256410256,0.0,78.0,78.0,245.0,245.0,55.179591836734694,55.179591836734694,0.0,245.0,245.0,161.0,161.0,57.59627329192546,57.59627329192546,0.0,161.0,161.0,342.0,347.0,42.058479532163744,41.46685878962536,-5.0,0.0,0.0,0.0,False,Near-clone sale-price/timing,False,False,0.0,0.0,FERTILIZER,-5.0,https://www.kaggle.com/competitions/kaggriculture/episodes/108219073
108250184,Ioannis Tzachristas,0,L,-5,submission_loss,ICE_CREAM_SHOP / BAKERY,"[""ICE_CREAM_SHOP"", ""BAKERY"", ""YARN_STORE"", ""BAKERY"", ""PIZZA_SHOP"", ""FARMERS_MARKET"", ""SMOOTHIE_SHOP"", ""SMOOTHIE_SHOP""]",0,0.9916550764951322,2,712,0,2630.0,0.0,0.0,0.0,1.0,1054.0,5.0,0.0,0.0,1.0,214.0,5.0,2.0,2.0,1.0,24.0,5.0,2.0,2.0,1.0,24.0,0.0,2.0,2.0,1.0,20.0,3.0,2.0,2.0,1.0,83.0,0.0,2.0,2.0,1.0,196.0,0.0,3.0,2.0,1.0,799.0,0.0,4.0,2.0,1.0,3.0,7.0,8.0,"[[""BUY_PRODUCT"", ""WHEAT"", 13]]","[[""BUY_PRODUCT"", ""WHEAT"", 13], [], []]",0.0,0.0,0.0,292.0,287.0,42.236301369863014,42.48432055749129,0.0,517.0,517.0,84.0,84.0,34.666666666666664,34.666666666666664,0.0,84.0,84.0,0.0,0.0,,,0.0,0.0,0.0,249.0,249.0,70.50602409638554,70.50602409638554,0.0,249.0,249.0,72.0,72.0,198.15277777777777,198.15277777777777,0.0,72.0,72.0,78.0,78.0,57.02564102564103,57.02564102564103,0.0,78.0,78.0,245.0,245.0,64.00816326530612,64.00816326530612,0.0,245.0,245.0,161.0,161.0,194.52173913043478,194.52173913043478,0.0,161.0,161.0,342.0,347.0,42.058479532163744,41.46685878962536,-5.0,0.0,0.0,0.0,False,Near-clone sale-price/timing,False,False,0.0,0.0,FERTILIZER,-5.0,https://www.kaggle.com/competitions/kaggriculture/episodes/108250184
108313710,macaron,1,L,-5,submission_loss,BRUNCH_SPOT / ICE_CREAM_SHOP,"[""BRUNCH_SPOT"", ""ICE_CREAM_SHOP"", ""BRUNCH_SPOT"", ""SMOOTHIE_SHOP"", ""BAKERY"", ""SMOOTHIE_SHOP"", ""BAKERY"", ""BRUNCH_SPOT""]",0,0.9916550764951322,1,712,0,2630.0,0.0,0.0,0.0,1.0,1056.0,5.0,0.0,0.0,1.0,216.0,5.0,2.0,2.0,1.0,26.0,5.0,2.0,2.0,1.0,26.0,0.0,2.0,2.0,1.0,22.0,3.0,2.0,2.0,1.0,85.0,0.0,2.0,2.0,1.0,198.0,0.0,3.0,2.0,1.0,801.0,0.0,4.0,2.0,1.0,3.0,7.0,8.0,"[[""BUY_PRODUCT"", ""WHEAT"", 13]]","[[""BUY_PRODUCT"", ""WHEAT"", 13], [""SELL"", ""WHEAT"", 13], [""BUY_PRODUCT"", ""WHEAT"", 13]]",0.0,0.0,0.0,292.0,305.0,42.67465753424658,42.11147540983607,0.0,517.0,517.0,84.0,84.0,27.845238095238095,27.845238095238095,0.0,84.0,84.0,0.0,0.0,,,0.0,0.0,0.0,249.0,249.0,229.0722891566265,229.0722891566265,0.0,249.0,249.0,72.0,72.0,198.15277777777777,198.15277777777777,0.0,72.0,72.0,78.0,78.0,63.794871794871796,63.794871794871796,0.0,78.0,78.0,245.0,245.0,57.63673469387755,57.63673469387755,0.0,245.0,245.0,161.0,161.0,34.49689440993789,34.49689440993789,0.0,161.0,161.0,342.0,347.0,42.058479532163744,41.46685878962536,-5.0,0.0,0.0,0.0,False,Near-clone sale-price/timing,False,False,0.0,0.0,FERTILIZER,-5.0,https://www.kaggle.com/competitions/kaggriculture/episodes/108313710
108318819,珍珠,0,L,-5,submission_loss,FARMERS_MARKET / FARMERS_MARKET,"[""FARMERS_MARKET"", ""FARMERS_MARKET"", ""BRUNCH_SPOT"", ""YARN_STORE"", ""SMOOTHIE_SHOP"", ""ICE_CREAM_SHOP"", ""ICE_CREAM_SHOP"", ""YARN_STORE""]",0,0.933240611961057,69,91,0,2630.0,0.0,0.0,0.0,1.0,1056.0,5.0,0.0,0.0,1.0,216.0,5.0,2.0,2.0,1.0,26.0,5.0,2.0,2.0,1.0,26.0,0.0,2.0,2.0,1.0,22.0,3.0,2.0,2.0,1.0,85.0,0.0,2.0,2.0,1.0,198.0,0.0,3.0,2.0,1.0,801.0,0.0,4.0,2.0,1.0,3.0,7.0,8.0,"[[""BUY_PRODUCT"", ""WHEAT"", 13]]","[[""BUY_PRODUCT"", ""WHEAT"", 13], [""SELL"", ""WHEAT"", 13], [""BUY_PRODUCT"", ""WHEAT"", 13]]",0.0,0.0,0.0,292.0,305.0,42.06506849315068,41.527868852459015,0.0,517.0,517.0,84.0,84.0,53.98809523809524,53.98809523809524,0.0,84.0,84.0,0.0,0.0,,,0.0,0.0,0.0,249.0,249.0,225.99196787148594,225.99196787148594,0.0,249.0,249.0,72.0,72.0,198.15277777777777,198.15277777777777,0.0,72.0,72.0,78.0,78.0,51.91025641025641,51.91025641025641,0.0,78.0,78.0,245.0,245.0,26.257142857142856,26.257142857142856,0.0,245.0,245.0,161.0,161.0,154.24223602484471,154.24223602484471,0.0,161.0,161.0,342.0,347.0,42.058479532163744,41.46685878962536,-5.0,0.0,0.0,0.0,False,Different production mix,False,False,0.0,0.0,FERTILIZER,-5.0,https://www.kaggle.com/competitions/kaggriculture/episodes/108318819
108347008,yzyhello,0,L,-5,submission_loss,PET_CAFE / PET_CAFE,"[""PET_CAFE"", ""PET_CAFE"", ""BAKERY"", ""PIZZA_SHOP"", ""SMOOTHIE_SHOP"", ""ICE_CREAM_SHOP"", ""YARN_STORE"", ""PIZZA_SHOP""]",0,0.9916550764951322,1,712,0,2630.0,0.0,0.0,0.0,1.0,1056.0,5.0,0.0,0.0,1.0,216.0,5.0,2.0,2.0,1.0,26.0,5.0,2.0,2.0,1.0,26.0,0.0,2.0,2.0,1.0,22.0,3.0,2.0,2.0,1.0,85.0,0.0,2.0,2.0,1.0,198.0,0.0,3.0,2.0,1.0,802.0,0.0,4.0,2.0,1.0,3.0,7.0,8.0,"[[""BUY_PRODUCT"", ""WHEAT"", 13]]","[[""BUY_PRODUCT"", ""WHEAT"", 13], [""SELL"", ""WHEAT"", 13], [""BUY_PRODUCT"", ""WHEAT"", 13]]",0.0,0.0,0.0,292.0,305.0,37.29109589041096,36.95737704918033,0.0,517.0,517.0,84.0,84.0,90.75,90.75,0.0,84.0,84.0,0.0,0.0,,,0.0,0.0,0.0,249.0,249.0,23.606425702811244,23.606425702811244,0.0,249.0,249.0,72.0,72.0,198.15277777777777,198.15277777777777,0.0,72.0,72.0,78.0,78.0,51.91025641025641,51.91025641025641,0.0,78.0,78.0,245.0,245.0,37.44489795918367,37.44489795918367,0.0,245.0,245.0,161.0,161.0,49.06211180124224,49.06211180124224,0.0,161.0,161.0,342.0,347.0,42.058479532163744,41.46685878962536,-5.0,0.0,0.0,0.0,False,Near-clone sale-price/timing,False,False,0.0,0.0,FERTILIZER,-5.0,https://www.kaggle.com/competitions/kaggriculture/episodes/108347008
108331733,Alperen Söylen,1,L,-1,submission_loss,ICE_CREAM_SHOP / BAKERY,"[""ICE_CREAM_SHOP"", ""BAKERY"", ""YARN_STORE"", ""SMOOTHIE_SHOP"", ""PIZZA_SHOP"", ""BRUNCH_SPOT"", ""ICE_CREAM_SHOP"", ""FARMERS_MARKET""]",0,0.9972183588317107,11,713,0,2630.0,0.0,0.0,0.0,1.0,1056.0,5.0,0.0,0.0,1.0,216.0,5.0,2.0,2.0,1.0,26.0,5.0,2.0,2.0,1.0,26.0,0.0,2.0,2.0,1.0,22.0,3.0,2.0,2.0,1.0,85.0,0.0,2.0,2.0,1.0,198.0,0.0,3.0,2.0,1.0,801.0,0.0,4.0,2.0,1.0,3.0,7.0,8.0,"[[""BUY_PRODUCT"", ""WHEAT"", 13]]","[[""BUY_PRODUCT"", ""WHEAT"", 13], [""SELL"", ""WHEAT"", 13], [""BUY_PRODUCT"", ""WHEAT"", 13]]",0.0,0.0,0.0,292.0,305.0,41.51712328767123,41.00327868852459,0.0,517.0,517.0,84.0,84.0,30.928571428571427,30.928571428571427,0.0,84.0,84.0,0.0,0.0,,,0.0,0.0,0.0,249.0,249.0,111.04819277108433,111.04819277108433,0.0,249.0,249.0,72.0,72.0,198.15277777777777,198.15277777777777,0.0,72.0,72.0,78.0,78.0,54.94871794871795,54.94871794871795,0.0,78.0,78.0,245.0,245.0,126.85714285714286,126.85714285714286,0.0,245.0,245.0,161.0,161.0,194.52173913043478,194.52173913043478,0.0,161.0,161.0,342.0,343.0,42.058479532163744,41.93877551020408,-1.0,0.0,0.0,0.0,False,Near-clone sale-price/timing,False,False,0.0,0.0,FERTILIZER,-1.0,https://www.kaggle.com/competitions/kaggriculture/episodes/108331733
