episode_id,opponent,closest_sampled_top_team,top_rank,top_episode,exact_worker_action_agreement
107405585,Pascal Pfeiffer,Mengfei Li,7,107481859,0.1070931849791377
107407940,Lev Neganov,Himanshu Kumar,4,107476749,0.6926286509040334
107411879,Kucing Garong,Himanshu Kumar,4,107476749,0.6912378303198887
107413273,Shaw Sebastian,Mengfei Li,7,107476745,0.39360222531293465
107412861,Haoxuan Wang,Mengfei Li,7,107481859,0.4019471488178025
107415829,Bahadir Selim Bakla ,Mengfei Li,7,107476745,0.26286509040333794
107416820,ChandramouliNagasundaram,mtmr_s1,6,107479702,0.9346314325452016
107418738,MAT,Mengfei Li,7,107481859,0.2906815020862309
107419869,WANG HONGXIANG,Mengfei Li,7,107481859,0.3769123783031989
107420767,Yizhou,Mengfei Li,7,107481859,0.1168289290681502
107421765,MtN,Himanshu Kumar,4,107476749,0.545201668984701
107424681,yuuuki1111,Himanshu Kumar,4,107476749,0.21001390820584145
107427634,kta_jpn,Mengfei Li,7,107481859,0.3769123783031989
107427922,Saulo Quiñones Góngora,Himanshu Kumar,4,107476749,0.6050069541029207
107428587,T Soo,Himanshu Kumar,4,107476749,0.9109874826147427
107428609,黒田彩人,Mengfei Li,7,107481859,0.3852573018080668
107429617,Yassinovich,Mengfei Li,7,107481859,0.3769123783031989
107431574,macaron,Mengfei Li,7,107476745,0.37552155771905427
107432567,Adhiraj Jagtap,Mengfei Li,7,107481859,0.29763560500695413
107433548,Tatu Helander,mtmr_s1,6,107479702,0.9986091794158554
107436493,Terence0914,Himanshu Kumar,4,107476749,0.6926286509040334
107437073,xxxzzz123312123321,mtmr_s1,6,107479702,0.9902642559109874
107439459,Amer Alkhalili,mtmr_s1,6,107479702,0.9346314325452016
107441433,Kinance,feel the agi,3,107481606,0.18915159944367177
107443386,RAVEN,Mengfei Li,7,107481859,0.4019471488178025
107444361,Roman Svet,Otter Vibe,2,107482596,0.04728789986091794
107447327,ANJAN B,Mengfei Li,7,107481859,0.3769123783031989
107447336,forever young,Yusuke Hayashi,10,107481608,1.0
107450627,easonyanyan,Himanshu Kumar,4,107476749,0.6912378303198887
107450234,extra eclaire,mtmr_s1,6,107479702,0.9986091794158554
107450266,Zhenghongshuang,Mengfei Li,7,107481859,0.40333796940194716
107451201,Jane Street Farmers,Yusuke Hayashi,10,107481608,1.0
107458082,Evan Tobias,mtmr_s1,6,107479702,1.0
107462916,Egor Trushin,Himanshu Kumar,4,107476749,0.9318497913769124
107469537,Artyom Lyan,Mengfei Li,7,107481859,0.4019471488178025
