episode_id,seat,x,y,crop,animal,day,planted_day,yield_units,harvest_ready
107405585,0,3,1,WHEAT,,29,28,1,False
107405585,0,2,2,WHEAT,,29,28,1,False
107405585,0,6,2,,SHEEP,29,,1,True
107405585,0,1,3,WHEAT,,29,28,1,False
107405585,0,3,5,WHEAT,,29,28,1,False
107405585,0,4,5,WHEAT,,29,28,1,False
107405585,0,4,6,WHEAT,,29,28,1,False
107405585,1,5,3,,COW,29,,3,True
107405585,1,1,4,,COW,29,,3,True
107407940,0,3,1,WHEAT,,29,28,1,False
107407940,0,2,2,WHEAT,,29,28,1,False
107407940,0,6,2,,SHEEP,29,,1,True
107407940,0,1,3,WHEAT,,29,28,1,False
107407940,0,3,5,WHEAT,,29,28,1,False
107407940,0,4,5,WHEAT,,29,28,1,False
107407940,0,4,6,WHEAT,,29,28,1,False
107407940,1,5,3,,COW,29,,3,True
107407940,1,5,4,,COW,29,,3,True
107411879,0,4,1,,GOOSE,29,,2,True
107411879,0,3,2,,GOOSE,29,,1,True
107411879,0,5,3,,COW,29,,3,True
107411879,0,5,4,,COW,29,,3,True
107411879,1,3,1,WHEAT,,29,28,1,False
107411879,1,2,2,WHEAT,,29,28,1,False
107411879,1,6,2,,SHEEP,29,,1,True
107411879,1,1,3,WHEAT,,29,28,1,False
107411879,1,3,5,WHEAT,,29,28,1,False
107411879,1,4,5,WHEAT,,29,28,1,False
107411879,1,4,6,WHEAT,,29,28,1,False
107413273,1,3,1,WHEAT,,29,28,1,False
107413273,1,2,2,WHEAT,,29,28,1,False
107413273,1,6,2,,SHEEP,29,,1,True
107413273,1,1,3,WHEAT,,29,28,1,False
107413273,1,3,5,WHEAT,,29,28,1,False
107413273,1,4,5,WHEAT,,29,28,1,False
107413273,1,4,6,WHEAT,,29,28,1,False
107412861,0,3,1,WHEAT,,29,28,1,False
107412861,0,2,2,WHEAT,,29,28,1,False
107412861,0,6,2,,SHEEP,29,,1,True
107412861,0,1,3,WHEAT,,29,28,1,False
107412861,0,3,5,WHEAT,,29,28,1,False
107412861,0,4,5,WHEAT,,29,28,1,False
107412861,0,4,6,WHEAT,,29,28,1,False
107415829,0,6,3,,SHEEP,29,,4,True
107415829,0,3,5,WHEAT,,29,28,1,False
107415829,0,4,5,WHEAT,,29,28,1,False
107415829,1,3,1,WHEAT,,29,28,1,False
107415829,1,2,2,WHEAT,,29,28,1,False
107415829,1,6,2,,SHEEP,29,,1,True
107415829,1,1,3,WHEAT,,29,28,1,False
107415829,1,3,5,WHEAT,,29,28,1,False
107415829,1,4,5,WHEAT,,29,28,1,False
107415829,1,4,6,WHEAT,,29,28,1,False
107416820,1,3,1,WHEAT,,29,28,1,False
107416820,1,2,2,WHEAT,,29,28,1,False
107416820,1,6,2,,SHEEP,29,,1,True
107416820,1,1,3,WHEAT,,29,28,1,False
107416820,1,3,5,WHEAT,,29,28,1,False
107416820,1,4,5,WHEAT,,29,28,1,False
107416820,1,4,6,WHEAT,,29,28,1,False
107418738,0,3,1,WHEAT,,29,28,1,False
107418738,0,2,2,WHEAT,,29,28,1,False
107418738,0,6,2,,SHEEP,29,,1,True
107418738,0,1,3,WHEAT,,29,28,1,False
107418738,0,3,5,WHEAT,,29,28,1,False
107418738,0,4,5,WHEAT,,29,28,1,False
107418738,0,4,6,WHEAT,,29,28,1,False
107418738,1,3,5,WHEAT,,29,28,1,False
107418738,1,4,5,WHEAT,,29,28,1,False
107419869,0,6,2,,SHEEP,29,,4,True
107419869,0,5,3,,COW,29,,3,True
107419869,0,5,4,,COW,29,,3,True
107419869,1,3,1,WHEAT,,29,28,1,False
107419869,1,2,2,WHEAT,,29,28,1,False
107419869,1,6,2,,SHEEP,29,,1,True
107419869,1,1,3,WHEAT,,29,28,1,False
107419869,1,3,5,WHEAT,,29,28,1,False
107419869,1,4,5,WHEAT,,29,28,1,False
107419869,1,4,6,WHEAT,,29,28,1,False
107420767,1,3,1,WHEAT,,29,28,1,False
107420767,1,2,2,WHEAT,,29,28,1,False
107420767,1,6,2,,SHEEP,29,,1,True
107420767,1,1,3,WHEAT,,29,28,1,False
107420767,1,3,5,WHEAT,,29,28,1,False
107420767,1,4,5,WHEAT,,29,28,1,False
107420767,1,4,6,WHEAT,,29,28,1,False
107421765,0,3,1,WHEAT,,29,28,1,False
107421765,0,2,2,WHEAT,,29,28,1,False
107421765,0,6,2,,SHEEP,29,,1,True
107421765,0,1,3,WHEAT,,29,28,1,False
107421765,0,3,5,WHEAT,,29,28,1,False
107421765,0,4,5,WHEAT,,29,28,1,False
107421765,0,4,6,WHEAT,,29,28,1,False
107424681,0,3,1,WHEAT,,29,28,1,False
107424681,0,2,2,WHEAT,,29,28,1,False
107424681,0,6,2,,SHEEP,29,,1,True
107424681,0,1,3,WHEAT,,29,28,1,False
107424681,0,3,5,WHEAT,,29,28,1,False
107424681,0,4,5,WHEAT,,29,28,1,False
107424681,0,4,6,WHEAT,,29,28,1,False
107427634,0,3,1,WHEAT,,29,28,1,False
107427634,0,2,2,WHEAT,,29,28,1,False
107427634,0,6,2,,SHEEP,29,,1,True
107427634,0,1,3,WHEAT,,29,28,1,False
107427634,0,3,5,WHEAT,,29,28,1,False
107427634,0,4,5,WHEAT,,29,28,1,False
107427634,0,4,6,WHEAT,,29,28,1,False
107427634,1,3,1,WHEAT,,29,28,1,False
107427634,1,2,2,WHEAT,,29,28,1,False
107427634,1,6,2,,SHEEP,29,,1,True
107427634,1,1,3,WHEAT,,29,28,1,False
107427634,1,3,5,WHEAT,,29,28,1,False
107427634,1,4,5,WHEAT,,29,28,1,False
107427634,1,4,6,WHEAT,,29,28,1,False
107427922,0,3,1,WHEAT,,29,28,1,False
107427922,0,2,2,WHEAT,,29,28,1,False
107427922,0,6,2,,SHEEP,29,,1,True
107427922,0,1,3,WHEAT,,29,28,1,False
107427922,0,3,5,WHEAT,,29,28,1,False
107427922,0,4,5,WHEAT,,29,28,1,False
107427922,0,4,6,WHEAT,,29,28,1,False
107427922,1,4,1,,GOOSE,29,,2,True
107428587,1,3,1,WHEAT,,29,28,1,False
107428587,1,2,2,WHEAT,,29,28,1,False
107428587,1,6,2,,SHEEP,29,,1,True
107428587,1,1,3,WHEAT,,29,28,1,False
107428587,1,3,5,WHEAT,,29,28,1,False
107428587,1,4,5,WHEAT,,29,28,1,False
107428587,1,4,6,WHEAT,,29,28,1,False
107428609,1,3,1,WHEAT,,29,28,1,False
107428609,1,2,2,WHEAT,,29,28,1,False
107428609,1,6,2,,SHEEP,29,,1,True
107428609,1,1,3,WHEAT,,29,28,1,False
107428609,1,3,5,WHEAT,,29,28,1,False
107428609,1,4,5,WHEAT,,29,28,1,False
107428609,1,4,6,WHEAT,,29,28,1,False
107429617,0,3,1,WHEAT,,29,28,1,False
107429617,0,2,2,WHEAT,,29,28,1,False
107429617,0,1,3,WHEAT,,29,28,1,False
107429617,0,3,5,WHEAT,,29,28,1,False
107429617,0,4,5,WHEAT,,29,28,1,False
107429617,0,4,6,WHEAT,,29,28,1,False
107429617,1,3,1,WHEAT,,29,28,1,False
107429617,1,2,2,WHEAT,,29,28,1,False
107429617,1,6,2,,SHEEP,29,,1,True
107429617,1,1,3,WHEAT,,29,28,1,False
107429617,1,3,5,WHEAT,,29,28,1,False
107429617,1,4,5,WHEAT,,29,28,1,False
107429617,1,4,6,WHEAT,,29,28,1,False
107431574,0,3,1,WHEAT,,29,28,1,False
107431574,0,2,2,WHEAT,,29,28,1,False
107431574,0,6,2,,SHEEP,29,,1,True
107431574,0,1,3,WHEAT,,29,28,1,False
107431574,0,3,5,WHEAT,,29,28,1,False
107431574,0,4,5,WHEAT,,29,28,1,False
107431574,0,4,6,WHEAT,,29,28,1,False
107431574,1,3,1,WHEAT,,29,28,1,False
107431574,1,2,2,WHEAT,,29,28,1,False
107431574,1,6,2,,SHEEP,29,,1,True
107431574,1,1,3,WHEAT,,29,28,1,False
107431574,1,3,5,WHEAT,,29,28,1,False
107431574,1,4,5,WHEAT,,29,28,1,False
107431574,1,4,6,WHEAT,,29,28,1,False
107432567,1,3,1,WHEAT,,29,28,1,False
107432567,1,2,2,WHEAT,,29,28,1,False
107432567,1,6,2,,SHEEP,29,,1,True
107432567,1,1,3,WHEAT,,29,28,1,False
107432567,1,3,5,WHEAT,,29,28,1,False
107432567,1,4,5,WHEAT,,29,28,1,False
107432567,1,4,6,WHEAT,,29,28,1,False
107433548,0,3,1,WHEAT,,29,28,1,False
107433548,0,2,2,WHEAT,,29,28,1,False
107433548,0,6,2,,SHEEP,29,,1,True
107433548,0,1,3,WHEAT,,29,28,1,False
107433548,0,3,5,WHEAT,,29,28,1,False
107433548,0,4,5,WHEAT,,29,28,1,False
107433548,0,4,6,WHEAT,,29,28,1,False
107436493,1,3,1,WHEAT,,29,28,1,False
107436493,1,2,2,WHEAT,,29,28,1,False
107436493,1,6,2,,SHEEP,29,,1,True
107436493,1,1,3,WHEAT,,29,28,1,False
107436493,1,3,5,WHEAT,,29,28,1,False
107436493,1,4,5,WHEAT,,29,28,1,False
107436493,1,4,6,WHEAT,,29,28,1,False
107437073,0,3,1,WHEAT,,29,28,1,False
107437073,0,2,2,WHEAT,,29,28,1,False
107437073,0,6,2,,SHEEP,29,,1,True
107437073,0,1,3,WHEAT,,29,28,1,False
107437073,0,3,5,WHEAT,,29,28,1,False
107437073,0,4,5,WHEAT,,29,28,1,False
107437073,0,4,6,WHEAT,,29,28,1,False
107439459,0,3,1,WHEAT,,29,28,1,False
107439459,0,2,2,WHEAT,,29,28,1,False
107439459,0,6,2,,SHEEP,29,,1,True
107439459,0,1,3,WHEAT,,29,28,1,False
107439459,0,3,5,WHEAT,,29,28,1,False
107439459,0,4,5,WHEAT,,29,28,1,False
107439459,0,4,6,WHEAT,,29,28,1,False
107441433,0,3,1,WHEAT,,29,28,1,False
107441433,0,2,2,WHEAT,,29,28,1,False
107441433,0,6,2,,SHEEP,29,,1,True
107441433,0,1,3,WHEAT,,29,28,1,False
107441433,0,3,5,WHEAT,,29,28,1,False
107441433,0,4,5,WHEAT,,29,28,1,False
107441433,0,4,6,WHEAT,,29,28,1,False
107443386,0,3,1,WHEAT,,29,28,1,False
107443386,0,2,2,WHEAT,,29,28,1,False
107443386,0,6,2,,SHEEP,29,,1,True
107443386,0,1,3,WHEAT,,29,28,1,False
107443386,0,3,5,WHEAT,,29,28,1,False
107443386,0,4,5,WHEAT,,29,28,1,False
107443386,0,4,6,WHEAT,,29,28,1,False
107444361,0,4,9,CARROT,,29,26,3,True
107444361,1,3,1,WHEAT,,29,28,1,False
107444361,1,2,2,WHEAT,,29,28,1,False
107444361,1,6,2,,SHEEP,29,,1,True
107444361,1,1,3,WHEAT,,29,28,1,False
107444361,1,3,5,WHEAT,,29,28,1,False
107444361,1,4,5,WHEAT,,29,28,1,False
107444361,1,4,6,WHEAT,,29,28,1,False
107447327,0,3,1,WHEAT,,29,28,1,False
107447327,0,2,2,WHEAT,,29,28,1,False
107447327,0,6,2,,SHEEP,29,,1,True
107447327,0,1,3,WHEAT,,29,28,1,False
107447327,0,3,5,WHEAT,,29,28,1,False
107447327,0,4,5,WHEAT,,29,28,1,False
107447327,0,4,6,WHEAT,,29,28,1,False
107447327,1,3,1,WHEAT,,29,28,1,False
107447327,1,2,2,WHEAT,,29,28,1,False
107447327,1,6,2,,SHEEP,29,,1,True
107447327,1,1,3,WHEAT,,29,28,1,False
107447327,1,3,5,WHEAT,,29,28,1,False
107447327,1,4,5,WHEAT,,29,28,1,False
107447327,1,4,6,WHEAT,,29,28,1,False
107447336,1,3,1,WHEAT,,29,28,1,False
107447336,1,2,2,WHEAT,,29,28,1,False
107447336,1,6,2,,SHEEP,29,,1,True
107447336,1,1,3,WHEAT,,29,28,1,False
107447336,1,3,5,WHEAT,,29,28,1,False
107447336,1,4,5,WHEAT,,29,28,1,False
107447336,1,4,6,WHEAT,,29,28,1,False
107450627,0,3,1,WHEAT,,29,28,1,False
107450627,0,2,2,WHEAT,,29,28,1,False
107450627,0,6,2,,SHEEP,29,,1,True
107450627,0,1,3,WHEAT,,29,28,1,False
107450627,0,3,5,WHEAT,,29,28,1,False
107450627,0,4,5,WHEAT,,29,28,1,False
107450627,0,4,6,WHEAT,,29,28,1,False
107450627,1,4,1,,GOOSE,29,,2,True
107450627,1,3,2,,GOOSE,29,,1,True
107450627,1,5,3,,COW,29,,3,True
107450627,1,5,4,,COW,29,,3,True
107450234,1,3,1,WHEAT,,29,28,1,False
107450234,1,2,2,WHEAT,,29,28,1,False
107450234,1,6,2,,SHEEP,29,,1,True
107450234,1,1,3,WHEAT,,29,28,1,False
107450234,1,3,5,WHEAT,,29,28,1,False
107450234,1,4,5,WHEAT,,29,28,1,False
107450234,1,4,6,WHEAT,,29,28,1,False
107450266,1,3,1,WHEAT,,29,28,1,False
107450266,1,2,2,WHEAT,,29,28,1,False
107450266,1,6,2,,SHEEP,29,,1,True
107450266,1,1,3,WHEAT,,29,28,1,False
107450266,1,3,5,WHEAT,,29,28,1,False
107450266,1,4,5,WHEAT,,29,28,1,False
107450266,1,4,6,WHEAT,,29,28,1,False
107451201,0,3,1,WHEAT,,29,28,1,False
107451201,0,2,2,WHEAT,,29,28,1,False
107451201,0,6,2,,SHEEP,29,,1,True
107451201,0,1,3,WHEAT,,29,28,1,False
107451201,0,3,5,WHEAT,,29,28,1,False
107451201,0,4,5,WHEAT,,29,28,1,False
107451201,0,4,6,WHEAT,,29,28,1,False
107458082,1,3,1,WHEAT,,29,28,1,False
107458082,1,2,2,WHEAT,,29,28,1,False
107458082,1,6,2,,SHEEP,29,,1,True
107458082,1,1,3,WHEAT,,29,28,1,False
107458082,1,3,5,WHEAT,,29,28,1,False
107458082,1,4,5,WHEAT,,29,28,1,False
107458082,1,4,6,WHEAT,,29,28,1,False
107462916,0,3,1,WHEAT,,29,28,1,False
107462916,0,2,2,WHEAT,,29,28,1,False
107462916,0,6,2,,SHEEP,29,,1,True
107462916,0,1,3,WHEAT,,29,28,1,False
107462916,0,3,5,WHEAT,,29,28,1,False
107462916,0,4,5,WHEAT,,29,28,1,False
107462916,0,4,6,WHEAT,,29,28,1,False
107469537,0,3,1,WHEAT,,29,28,1,False
107469537,0,2,2,WHEAT,,29,28,1,False
107469537,0,6,2,,SHEEP,29,,1,True
107469537,0,1,3,WHEAT,,29,28,1,False
107469537,0,3,5,WHEAT,,29,28,1,False
107469537,0,4,5,WHEAT,,29,28,1,False
107469537,0,4,6,WHEAT,,29,28,1,False
107443397,0,3,1,WHEAT,,29,28,1,False
107443397,0,2,2,WHEAT,,29,28,1,False
107443397,0,6,2,,SHEEP,29,,1,True
107443397,0,1,3,WHEAT,,29,28,1,False
107443397,0,3,5,WHEAT,,29,28,1,False
107443397,0,4,5,WHEAT,,29,28,1,False
107443397,0,4,6,WHEAT,,29,28,1,False
107443397,1,3,1,WHEAT,,29,28,1,False
107443397,1,2,2,WHEAT,,29,28,1,False
107443397,1,6,2,,SHEEP,29,,1,True
107443397,1,1,3,WHEAT,,29,28,1,False
107443397,1,3,5,WHEAT,,29,28,1,False
107443397,1,4,5,WHEAT,,29,28,1,False
107443397,1,4,6,WHEAT,,29,28,1,False
107444385,0,3,1,WHEAT,,29,28,1,False
107444385,0,2,2,WHEAT,,29,28,1,False
107444385,0,1,3,WHEAT,,29,28,1,False
107444385,0,3,5,WHEAT,,29,28,1,False
107444385,0,4,5,WHEAT,,29,28,1,False
107444385,0,4,6,WHEAT,,29,28,1,False
107444385,1,3,1,WHEAT,,29,28,1,False
107444385,1,2,2,WHEAT,,29,28,1,False
107444385,1,6,2,,SHEEP,29,,1,True
107444385,1,1,3,WHEAT,,29,28,1,False
107444385,1,3,5,WHEAT,,29,28,1,False
107444385,1,4,5,WHEAT,,29,28,1,False
107444385,1,4,6,WHEAT,,29,28,1,False
107445354,0,6,2,,SHEEP,29,,1,True
107445354,1,3,1,WHEAT,,29,28,1,False
107445354,1,2,2,WHEAT,,29,28,1,False
107445354,1,6,2,,SHEEP,29,,1,True
107445354,1,1,3,WHEAT,,29,28,1,False
107445354,1,3,5,WHEAT,,29,28,1,False
107445354,1,4,5,WHEAT,,29,28,1,False
107445354,1,4,6,WHEAT,,29,28,1,False
107446341,0,6,2,,SHEEP,29,,1,True
107446341,1,3,1,WHEAT,,29,28,1,False
107446341,1,2,2,WHEAT,,29,28,1,False
107446341,1,6,2,,SHEEP,29,,1,True
107446341,1,1,3,WHEAT,,29,28,1,False
107446341,1,3,5,WHEAT,,29,28,1,False
107446341,1,4,5,WHEAT,,29,28,1,False
107446341,1,4,6,WHEAT,,29,28,1,False
107448306,0,3,1,WHEAT,,29,28,1,False
107448306,0,2,2,WHEAT,,29,28,1,False
107448306,0,6,2,,SHEEP,29,,1,True
107448306,0,1,3,WHEAT,,29,28,1,False
107448306,0,3,5,WHEAT,,29,28,1,False
107448306,0,4,5,WHEAT,,29,28,1,False
107448306,0,4,6,WHEAT,,29,28,1,False
107448306,1,3,1,WHEAT,,29,28,1,False
107448306,1,2,2,WHEAT,,29,28,1,False
107448306,1,6,2,,SHEEP,29,,1,True
107448306,1,1,3,WHEAT,,29,28,1,False
107448306,1,3,5,WHEAT,,29,28,1,False
107448306,1,4,5,WHEAT,,29,28,1,False
107448306,1,4,6,WHEAT,,29,28,1,False
107449278,0,3,1,WHEAT,,29,28,1,False
107449278,0,2,2,WHEAT,,29,28,1,False
107449278,0,6,2,,SHEEP,29,,1,True
107449278,0,1,3,WHEAT,,29,28,1,False
107449278,0,3,5,WHEAT,,29,28,1,False
107449278,0,4,5,WHEAT,,29,28,1,False
107449278,0,4,6,WHEAT,,29,28,1,False
107449278,1,3,5,WHEAT,,29,28,1,False
107449278,1,4,5,WHEAT,,29,28,1,False
107452277,0,3,5,WHEAT,,29,28,1,False
107452277,0,4,5,WHEAT,,29,28,1,False
107452277,1,3,1,WHEAT,,29,28,1,False
107452277,1,2,2,WHEAT,,29,28,1,False
107452277,1,6,2,,SHEEP,29,,1,True
107452277,1,1,3,WHEAT,,29,28,1,False
107452277,1,3,5,WHEAT,,29,28,1,False
107452277,1,4,5,WHEAT,,29,28,1,False
107452277,1,4,6,WHEAT,,29,28,1,False
107452818,1,3,1,WHEAT,,29,28,1,False
107452818,1,2,2,WHEAT,,29,28,1,False
107452818,1,6,2,,SHEEP,29,,1,True
107452818,1,1,3,WHEAT,,29,28,1,False
107452818,1,3,5,WHEAT,,29,28,1,False
107452818,1,4,5,WHEAT,,29,28,1,False
107452818,1,4,6,WHEAT,,29,28,1,False
107482596,0,0,0,CARROT,,29,27,1,True
107482596,0,1,0,CARROT,,29,27,1,True
107482596,0,0,1,CARROT,,29,27,1,True
107482596,0,1,1,CARROT,,29,27,1,True
107482596,0,1,2,CARROT,,29,27,1,True
107482596,0,4,2,,SHEEP,29,,1,True
107482596,0,3,3,,SHEEP,29,,1,True
107482596,0,8,3,,SHEEP,29,,2,True
107481864,1,1,0,WHEAT,,29,29,1,False
107481864,1,3,0,WHEAT,,29,27,2,True
107481864,1,7,0,WHEAT,,29,27,1,True
107481864,1,3,2,WHEAT,,29,27,3,True
107481864,1,5,3,,SHEEP,29,,1,True
107481864,1,3,6,WHEAT,,29,27,3,True
107481864,1,3,7,WHEAT,,29,27,3,True
107481864,1,4,8,WHEAT,,29,27,3,True
107481864,1,0,9,STRAWBERRY,,29,13,1,True
107481859,1,0,0,CARROT,,29,27,1,True
107481859,1,8,0,CARROT,,29,27,1,True
107481859,1,9,2,CARROT,,29,27,1,True
107476749,1,1,4,,COW,29,,2,True
107476749,1,4,5,,SHEEP,29,,1,True
107476749,1,1,7,WHEAT,,29,27,3,True
107476699,1,0,0,WHEAT,,29,25,3,True
107481825,0,8,0,CARROT,,29,27,1,True
107481825,0,9,2,WHEAT,,29,27,1,True
107481825,0,4,6,,GOOSE,29,,2,True
