episode_id,seat,team,opponent,cohort,margin,shops_at_144,worker_agreement,own_cash_mismatches,opp_cash_mismatches,own_revenue,own_expense,own_feed_without_wheat,own_weed_blocked_work,own_zero_harvest_requests,own_max_cow,own_max_sheep,own_max_goose,own_max_hands,own_max_quadrants,own_max_weeds,own_max_plants_STRAWBERRY,own_max_plants_CARROT,own_final_money,own_final_crop_yield_on_tiles,own_terminal_stock_units,own_sold_WHEAT_units,own_sold_WHEAT_value,own_engine_harvest_WHEAT,own_sold_CARROT_units,own_sold_CARROT_value,own_engine_harvest_CARROT,own_sold_TOMATO_units,own_sold_TOMATO_value,own_engine_harvest_TOMATO,own_sold_STRAWBERRY_units,own_sold_STRAWBERRY_value,own_engine_harvest_STRAWBERRY,own_sold_MELON_units,own_sold_MELON_value,own_engine_harvest_MELON,own_sold_EGG_units,own_sold_EGG_value,own_engine_harvest_EGG,own_sold_MILK_units,own_sold_MILK_value,own_engine_harvest_MILK,own_sold_WOOL_units,own_sold_WOOL_value,own_engine_harvest_WOOL,own_sold_FERTILIZER_units,own_sold_FERTILIZER_value,own_engine_harvest_FERTILIZER,own_cash_day_0,own_cash_day_1,own_cash_day_5,own_cash_day_10,own_cash_day_15,own_cash_day_20,own_cash_day_25,own_cash_day_29,opp_revenue,opp_expense,opp_feed_without_wheat,opp_weed_blocked_work,opp_zero_harvest_requests,opp_max_cow,opp_max_sheep,opp_max_goose,opp_max_hands,opp_max_quadrants,opp_max_weeds,opp_max_plants_STRAWBERRY,opp_max_plants_CARROT,opp_final_money,opp_final_crop_yield_on_tiles,opp_terminal_stock_units,opp_sold_WHEAT_units,opp_sold_WHEAT_value,opp_engine_harvest_WHEAT,opp_sold_CARROT_units,opp_sold_CARROT_value,opp_engine_harvest_CARROT,opp_sold_TOMATO_units,opp_sold_TOMATO_value,opp_engine_harvest_TOMATO,opp_sold_STRAWBERRY_units,opp_sold_STRAWBERRY_value,opp_engine_harvest_STRAWBERRY,opp_sold_MELON_units,opp_sold_MELON_value,opp_engine_harvest_MELON,opp_sold_EGG_units,opp_sold_EGG_value,opp_engine_harvest_EGG,opp_sold_MILK_units,opp_sold_MILK_value,opp_engine_harvest_MILK,opp_sold_WOOL_units,opp_sold_WOOL_value,opp_engine_harvest_WOOL,opp_sold_FERTILIZER_units,opp_sold_FERTILIZER_value,opp_engine_harvest_FERTILIZER,opp_cash_day_0,opp_cash_day_1,opp_cash_day_5,opp_cash_day_10,opp_cash_day_15,opp_cash_day_20,opp_cash_day_25,opp_cash_day_29,own_net_WHEAT,opp_net_WHEAT,own_net_CARROT,opp_net_CARROT,own_net_TOMATO,opp_net_TOMATO,own_net_STRAWBERRY,opp_net_STRAWBERRY,own_net_MELON,opp_net_MELON,own_net_EGG,opp_net_EGG,own_net_MILK,opp_net_MILK,own_net_WOOL,opp_net_WOOL,own_net_FERTILIZER,opp_net_FERTILIZER,own_other_expenses,opp_other_expenses,largest_negative_component,largest_negative_value,cash_decomposition_residual,opponent_structure,rank
107476864,0,SpaTaro,que la cuenten como quieran,top10,2980.0,"[""ICE_CREAM_SHOP"", ""PIZZA_SHOP""]",0.011126564673157162,0,0,149481.0,37351.0,0,0,0,15.0,7.0,0,12.0,3.0,9.0,25.0,4.0,115130.0,0.0,33.0,724.0,30425.0,750.0,9.0,315.0,9.0,0,0,0,185.0,25508.0,185.0,48.0,9692.0,48.0,0,0,0,372.0,60357.0,372.0,98.0,10972.0,98.0,253.0,12212.0,0,79.0,28.0,14.0,6905.0,26926.0,69695.0,94087.0,115130.0,136099.0,26949.0,0,0,4,8.0,6.0,3.0,11.0,3.0,7.0,33.0,29.0,112150.0,0.0,0.0,281.0,11643.0,517.0,84.0,3687.0,84.0,0,0,0,249.0,30109.0,249.0,72.0,16269.0,72.0,74.0,3452.0,74.0,245.0,41076.0,245.0,161.0,15057.0,161.0,345.0,14806.0,0,25.0,84.0,802.0,16274.0,36025.0,67755.0,87315.0,112150.0,15700.0,6829.0,315.0,3687.0,0,0,25508.0,30109.0,9692.0,16269.0,0,3452.0,60357.0,41076.0,10972.0,15057.0,12196.0,12911.0,22610.0,20240.0,MELON_net_receipts,-6577.0,0.0,mixed/small,1
107482596,1,SpaTaro,Otter Vibe,top10,-2186.0,"[""FARMERS_MARKET"", ""BAKERY""]",0.006954102920723227,0,0,116316.0,30743.0,0,0,3,5.0,3.0,0,11.0,3.0,10.0,22.0,30.0,88573.0,0.0,15.0,829.0,32097.0,657.0,359.0,15645.0,359.0,5.0,339.0,5.0,161.0,22603.0,161.0,66.0,15392.0,66.0,0,0,0,138.0,15289.0,138.0,54.0,6048.0,69.0,140.0,8903.0,0,59.0,18.0,16.0,14860.0,32192.0,56582.0,70877.0,88573.0,124409.0,36650.0,0,0,0,5.0,3.0,10.0,14.0,3.0,3.0,20.0,36.0,90759.0,5.0,0.0,361.0,13276.0,505.0,156.0,6735.0,156.0,211.0,14582.0,211.0,158.0,21649.0,158.0,108.0,15476.0,108.0,374.0,16460.0,374.0,141.0,15113.0,141.0,58.0,4677.0,58.0,267.0,16441.0,0,232.0,584.0,481.0,8755.0,21427.0,52987.0,68560.0,90759.0,19403.0,4072.0,15645.0,6735.0,339.0,14582.0,22603.0,21649.0,15392.0,15476.0,0,16460.0,15289.0,15113.0,6048.0,4677.0,8903.0,14205.0,18049.0,25210.0,EGG_net_receipts,-16460.0,0.0,goose-heavy,1
107482596,0,Otter Vibe,SpaTaro,top10,2186.0,"[""FARMERS_MARKET"", ""BAKERY""]",0.006954102920723227,0,0,124409.0,36650.0,0,0,0,5.0,3.0,10.0,14.0,3.0,3.0,20.0,36.0,90759.0,5.0,0.0,361.0,13276.0,505.0,156.0,6735.0,156.0,211.0,14582.0,211.0,158.0,21649.0,158.0,108.0,15476.0,108.0,374.0,16460.0,374.0,141.0,15113.0,141.0,58.0,4677.0,58.0,267.0,16441.0,0,232.0,584.0,481.0,8755.0,21427.0,52987.0,68560.0,90759.0,116316.0,30743.0,0,0,3,5.0,3.0,0,11.0,3.0,10.0,22.0,30.0,88573.0,0.0,15.0,829.0,32097.0,657.0,359.0,15645.0,359.0,5.0,339.0,5.0,161.0,22603.0,161.0,66.0,15392.0,66.0,0,0,0,138.0,15289.0,138.0,54.0,6048.0,69.0,140.0,8903.0,0,59.0,18.0,16.0,14860.0,32192.0,56582.0,70877.0,88573.0,4072.0,19403.0,6735.0,15645.0,14582.0,339.0,21649.0,22603.0,15476.0,15392.0,16460.0,0,15113.0,15289.0,4677.0,6048.0,14205.0,8903.0,25210.0,18049.0,WHEAT_net_receipts,-15331.0,0.0,mixed/small,2
107481864,0,Otter Vibe,SpaTaro,top10,186.0,"[""YARN_STORE"", ""FARMERS_MARKET""]",0.008344923504867872,0,0,146939.0,40598.0,0,0,0,5.0,10.0,5.0,15.0,3.0,1.0,27.0,19.0,109341.0,0.0,0.0,391.0,14492.0,545.0,72.0,3278.0,72.0,170.0,11293.0,170.0,210.0,34792.0,210.0,90.0,14295.0,90.0,208.0,10772.0,208.0,117.0,18135.0,117.0,199.0,25337.0,199.0,270.0,14545.0,0,232.0,585.0,710.0,8334.0,32339.0,62295.0,81628.0,109341.0,140611.0,34456.0,0,0,0,6.0,13.0,0,12.0,3.0,16.0,27.0,0,109155.0,17.0,34.0,790.0,31719.0,782.0,0,0,0,0,0,0,207.0,32154.0,209.0,71.0,16078.0,71.0,0,0,0,111.0,18053.0,111.0,237.0,31259.0,242.0,187.0,11348.0,0,95.0,17.0,16.0,12412.0,37448.0,61164.0,87585.0,109155.0,4525.0,19456.0,3278.0,0,11293.0,0,34792.0,32154.0,14295.0,16078.0,10772.0,0,18135.0,18053.0,25337.0,31259.0,12836.0,11348.0,28922.0,22193.0,WHEAT_net_receipts,-14931.0,0.0,sheep-heavy,2
107481606,0,feel the agi,Terry Luo,top10,-14363.0,"[""SMOOTHIE_SHOP"", ""BAKERY""]",0.037552155771905425,0,0,125027.0,35116.0,1,0,1,10.0,3.0,6.0,12.0,3.0,9.0,28.0,0,92911.0,0.0,0.0,793.0,27603.0,878.0,0,0,0,0,0,0,192.0,28877.0,192.0,72.0,14079.0,72.0,193.0,10251.0,193.0,245.0,20399.0,245.0,79.0,11118.0,79.0,252.0,12700.0,0,24.0,149.0,213.0,14268.0,26728.0,55596.0,74758.0,92911.0,132691.0,28417.0,0,0,4,8.0,6.0,3.0,11.0,3.0,7.0,33.0,29.0,107274.0,0.0,0.0,328.0,12000.0,517.0,84.0,3308.0,84.0,0,0,0,249.0,38811.0,249.0,72.0,14425.0,72.0,78.0,4136.0,78.0,245.0,22272.0,245.0,161.0,21076.0,161.0,347.0,16663.0,0,24.0,82.0,800.0,15190.0,32787.0,62589.0,85720.0,107274.0,17405.0,5950.0,0,3308.0,0,0,28877.0,38811.0,14079.0,14425.0,10251.0,4136.0,20399.0,22272.0,11118.0,21076.0,10527.0,14536.0,22745.0,20240.0,WOOL_net_receipts,-9958.0,0.0,mixed/small,3
107481859,0,feel the agi,Mengfei Li,top10,11760.0,"[""BAKERY"", ""FARMERS_MARKET""]",0.33936022253129344,0,0,132554.0,41528.0,0,0,1,4.0,9.0,10.0,13.0,3.0,12.0,29.0,0,94026.0,0.0,0.0,692.0,26772.0,727.0,0,0,0,0,0,0,222.0,21809.0,222.0,72.0,14079.0,72.0,341.0,15803.0,341.0,123.0,8320.0,123.0,168.0,26668.0,168.0,323.0,19103.0,0,45.0,171.0,248.0,13649.0,22997.0,47369.0,69305.0,94026.0,110238.0,30972.0,0,0,3,6.0,3.0,3.0,12.0,3.0,31.0,28.0,21.0,82266.0,3.0,0.0,447.0,18430.0,459.0,86.0,4665.0,86.0,192.0,15311.0,192.0,190.0,20809.0,190.0,78.0,15082.0,78.0,99.0,4475.0,99.0,125.0,7567.0,125.0,85.0,13439.0,85.0,168.0,10460.0,0,3.0,152.0,67.0,12686.0,18227.0,36783.0,62646.0,82266.0,13488.0,10527.0,0,4665.0,0,15311.0,21809.0,20809.0,14079.0,15082.0,15803.0,4475.0,8320.0,7567.0,26668.0,13439.0,17343.0,6264.0,26484.0,18873.0,TOMATO_net_receipts,-15311.0,0.0,mixed/small,3
107481859,1,Mengfei Li,feel the agi,top10,-11760.0,"[""BAKERY"", ""FARMERS_MARKET""]",0.33936022253129344,0,0,110238.0,30972.0,0,0,3,6.0,3.0,3.0,12.0,3.0,31.0,28.0,21.0,82266.0,3.0,0.0,447.0,18430.0,459.0,86.0,4665.0,86.0,192.0,15311.0,192.0,190.0,20809.0,190.0,78.0,15082.0,78.0,99.0,4475.0,99.0,125.0,7567.0,125.0,85.0,13439.0,85.0,168.0,10460.0,0,3.0,152.0,67.0,12686.0,18227.0,36783.0,62646.0,82266.0,132554.0,41528.0,0,0,1,4.0,9.0,10.0,13.0,3.0,12.0,29.0,0,94026.0,0.0,0.0,692.0,26772.0,727.0,0,0,0,0,0,0,222.0,21809.0,222.0,72.0,14079.0,72.0,341.0,15803.0,341.0,123.0,8320.0,123.0,168.0,26668.0,168.0,323.0,19103.0,0,45.0,171.0,248.0,13649.0,22997.0,47369.0,69305.0,94026.0,10527.0,13488.0,4665.0,0,15311.0,0,20809.0,21809.0,15082.0,14079.0,4475.0,15803.0,7567.0,8320.0,13439.0,26668.0,6264.0,17343.0,18873.0,26484.0,WOOL_net_receipts,-13229.0,0.0,goose-heavy,7
107476749,0,Himanshu Kumar,SpaTaro,top10,-8933.0,"[""SMOOTHIE_SHOP"", ""YARN_STORE""]",0.012517385257301807,0,0,137418.0,35235.0,0,0,18,6.0,11.0,0,12.0,3.0,7.0,33.0,29.0,105183.0,0.0,0.0,478.0,17834.0,517.0,84.0,4068.0,84.0,0,0,0,249.0,18551.0,249.0,72.0,16224.0,72.0,0,0,0,181.0,21668.0,181.0,272.0,46181.0,272.0,341.0,12892.0,0,41.0,101.0,829.0,17353.0,38863.0,76434.0,93633.0,105183.0,154608.0,43492.0,0,0,0,12.0,15.0,0,13.0,3.0,10.0,19.0,3.0,114116.0,3.0,39.0,736.0,26930.0,713.0,4.0,188.0,6.0,0,0,0,136.0,16297.0,137.0,72.0,12378.0,72.0,0,0,0,207.0,24979.0,212.0,324.0,60632.0,324.0,297.0,13204.0,0,134.0,12.0,25.0,5245.0,25751.0,78640.0,102394.0,114116.0,5881.0,8841.0,4068.0,188.0,0,0,18551.0,16297.0,16224.0,12378.0,0,0,21668.0,24979.0,46181.0,60632.0,11959.0,13200.0,22349.0,25399.0,WOOL_net_receipts,-14451.0,0.0,sheep-heavy,4
107482597,0,Himanshu Kumar,cooked,top10,1242.0,"[""ICE_CREAM_SHOP"", ""PIZZA_SHOP""]",0.9763560500695411,0,0,147661.0,27466.0,0,0,4,8.0,6.0,3.0,11.0,3.0,7.0,33.0,29.0,123195.0,0.0,0.0,311.0,12349.0,517.0,84.0,3940.0,84.0,0,0,0,249.0,13751.0,249.0,72.0,14267.0,72.0,77.0,3398.0,77.0,245.0,51595.0,245.0,161.0,33926.0,161.0,349.0,14435.0,0,26.0,85.0,801.0,15754.0,35888.0,67777.0,93069.0,123195.0,147590.0,28637.0,0,0,4,8.0,6.0,3.0,11.0,3.0,7.0,33.0,29.0,121953.0,0.0,0.0,361.0,13903.0,517.0,84.0,3951.0,84.0,0,0,0,249.0,13009.0,249.0,72.0,14267.0,72.0,78.0,3454.0,78.0,245.0,51469.0,245.0,159.0,33214.0,159.0,345.0,14323.0,0,26.0,85.0,801.0,15387.0,35814.0,67107.0,91708.0,121953.0,6893.0,7295.0,3940.0,3951.0,0,0,13751.0,13009.0,14267.0,14267.0,3398.0,3454.0,51595.0,51469.0,33926.0,33214.0,12665.0,12534.0,20240.0,20240.0,WHEAT_net_receipts,-402.0,0.0,mixed/small,4
107475873,0,binghua,feel the agi,top10,-79.0,"[""SMOOTHIE_SHOP"", ""YARN_STORE""]",0.016689847009735744,0,0,146130.0,31726.0,0,0,0,7.0,11.0,0,12.0,3.0,4.0,41.0,10.0,117404.0,0.0,0.0,401.0,15142.0,608.0,42.0,1469.0,42.0,0,0,0,319.0,43395.0,319.0,72.0,12122.0,72.0,0,0,0,211.0,34396.0,211.0,233.0,26448.0,233.0,236.0,13158.0,0,38.0,624.0,581.0,3384.0,27904.0,63453.0,94446.0,117404.0,158560.0,44077.0,1,0,1,7.0,9.0,9.0,13.0,3.0,10.0,34.0,0,117483.0,0.0,0.0,579.0,20254.0,596.0,0,0,0,0,0,0,264.0,37897.0,264.0,72.0,17380.0,72.0,246.0,12835.0,246.0,194.0,31275.0,194.0,220.0,25617.0,220.0,329.0,13302.0,0,29.0,158.0,180.0,15693.0,27994.0,63904.0,93437.0,117483.0,10103.0,4907.0,1469.0,0,0,0,43395.0,37897.0,12122.0,17380.0,0,12835.0,34396.0,31275.0,26448.0,25617.0,12773.0,12292.0,26302.0,27720.0,EGG_net_receipts,-12835.0,0.0,mixed/small,5
107481607,1,binghua,kanno,top10,5158.0,"[""BRUNCH_SPOT"", ""BAKERY""]",0.01808066759388039,0,0,106894.0,30593.0,0,0,0,5.0,3.0,4.0,12.0,3.0,2.0,34.0,21.0,79301.0,0.0,0.0,607.0,23610.0,749.0,87.0,3087.0,87.0,63.0,5082.0,63.0,257.0,30744.0,257.0,78.0,12632.0,78.0,137.0,8583.0,137.0,109.0,6314.0,109.0,51.0,4403.0,51.0,229.0,12439.0,0,39.0,627.0,550.0,4429.0,12238.0,44809.0,61688.0,79301.0,98937.0,27794.0,0,0,4,8.0,6.0,3.0,11.0,3.0,7.0,33.0,29.0,74143.0,0.0,0.0,308.0,11937.0,517.0,84.0,3078.0,84.0,0,0,0,249.0,29384.0,249.0,72.0,17357.0,72.0,78.0,4966.0,78.0,245.0,7214.0,245.0,161.0,6592.0,161.0,349.0,18409.0,0,24.0,85.0,763.0,15387.0,23912.0,45390.0,57969.0,74143.0,21026.0,6755.0,3087.0,3078.0,5082.0,0,30744.0,29384.0,12632.0,17357.0,8583.0,4966.0,6314.0,7214.0,4403.0,6592.0,8023.0,16037.0,23593.0,20240.0,FERTILIZER_net_receipts,-8014.0,0.0,mixed/small,5
107479702,1,mtmr_s1,Hello San Francisco,top10,-865.0,"[""FARMERS_MARKET"", ""ICE_CREAM_SHOP""]",1.0,0,0,131364.0,27128.0,0,0,4,8.0,6.0,3.0,11.0,3.0,7.0,33.0,29.0,107236.0,0.0,0.0,292.0,11329.0,517.0,84.0,4733.0,84.0,0,0,0,249.0,35314.0,249.0,72.0,14267.0,72.0,78.0,3481.0,78.0,245.0,10182.0,245.0,161.0,37563.0,161.0,349.0,14495.0,0,26.0,85.0,801.0,14570.0,28440.0,57793.0,84064.0,107236.0,132211.0,27110.0,0,0,4,8.0,6.0,3.0,11.0,3.0,7.0,33.0,29.0,108101.0,0.0,0.0,292.0,11318.0,517.0,84.0,4742.0,84.0,0,0,0,249.0,36484.0,249.0,72.0,14267.0,72.0,78.0,3484.0,78.0,245.0,10139.0,245.0,161.0,37521.0,161.0,349.0,14256.0,0,26.0,85.0,801.0,14568.0,28273.0,59797.0,84545.0,108101.0,6229.0,6225.0,4733.0,4742.0,0,0,35314.0,36484.0,14267.0,14267.0,3481.0,3484.0,10182.0,10139.0,37563.0,37521.0,12707.0,12479.0,20240.0,20240.0,STRAWBERRY_net_receipts,-1170.0,0.0,mixed/small,6
107484742,0,mtmr_s1,feel the agi,top10,-27252.0,"[""PIZZA_SHOP"", ""SMOOTHIE_SHOP""]",0.037552155771905425,0,0,154758.0,26987.0,0,0,4,8.0,6.0,3.0,11.0,3.0,7.0,33.0,29.0,130771.0,0.0,0.0,292.0,11815.0,517.0,84.0,2674.0,84.0,0,0,0,249.0,20794.0,249.0,72.0,14425.0,72.0,78.0,3539.0,78.0,245.0,49913.0,245.0,161.0,37169.0,161.0,349.0,14429.0,0,24.0,82.0,798.0,15433.0,36336.0,72791.0,104257.0,130771.0,201439.0,46416.0,1,0,1,12.0,18.0,1.0,13.0,3.0,11.0,28.0,0,158023.0,0.0,0.0,521.0,19331.0,644.0,0,0,0,7.0,906.0,7.0,192.0,15815.0,192.0,72.0,14079.0,72.0,28.0,1269.0,28.0,317.0,63033.0,317.0,314.0,73670.0,314.0,277.0,13336.0,0,24.0,149.0,211.0,13831.0,19224.0,66379.0,109533.0,158023.0,6836.0,5120.0,2674.0,0,0,906.0,20794.0,15815.0,14425.0,14079.0,3539.0,1269.0,49913.0,63033.0,37169.0,73670.0,12661.0,12448.0,20240.0,31317.0,WOOL_net_receipts,-36501.0,0.0,sheep-heavy,6
107476745,1,Mengfei Li,kanno,top10,-674.0,"[""BAKERY"", ""YARN_STORE""]",0.027816411682892908,0,0,98148.0,26926.0,0,0,0,6.0,10.0,0,12.0,3.0,26.0,33.0,14.0,74222.0,0.0,0.0,387.0,15028.0,522.0,36.0,1773.0,36.0,128.0,9163.0,128.0,191.0,14834.0,191.0,84.0,15507.0,84.0,0,0,0,128.0,7084.0,130.0,224.0,22118.0,224.0,230.0,12641.0,0,16.0,141.0,233.0,13860.0,25420.0,49370.0,56533.0,74222.0,101745.0,29849.0,1,0,7,6.0,11.0,0,12.0,3.0,7.0,33.0,27.0,74896.0,0.0,0.0,343.0,13357.0,528.0,75.0,3484.0,75.0,0,0,0,249.0,19842.0,249.0,72.0,14231.0,72.0,0,0,0,191.0,7937.0,191.0,282.0,27915.0,282.0,327.0,14979.0,0,29.0,87.0,802.0,15013.0,28264.0,55734.0,61502.0,74896.0,10344.0,6438.0,1773.0,3484.0,9163.0,0,14834.0,19842.0,15507.0,14231.0,0,0,7084.0,7937.0,22118.0,27915.0,10790.0,14269.0,20391.0,22220.0,WOOL_net_receipts,-5797.0,0.0,sheep-heavy,7
107476699,1,Unknown Mother-Goose,Sean Peppers,top10,9938.0,"[""FARMERS_MARKET"", ""SMOOTHIE_SHOP""]",0.012517385257301807,0,0,141832.0,28456.0,0,0,0,6.0,3.0,6.0,12.0,3.0,6.0,40.0,34.0,116376.0,3.0,0.0,286.0,10904.0,386.0,170.0,12656.0,170.0,61.0,7874.0,61.0,298.0,61353.0,299.0,90.0,13233.0,90.0,202.0,8667.0,202.0,139.0,9424.0,139.0,63.0,6769.0,63.0,169.0,10952.0,0,39.0,626.0,260.0,4533.0,22147.0,48610.0,80726.0,116376.0,135068.0,31630.0,0,0,4,8.0,6.0,3.0,11.0,3.0,7.0,33.0,29.0,106438.0,0.0,0.0,454.0,16439.0,551.0,89.0,6291.0,89.0,0,0,0,249.0,52228.0,249.0,72.0,17117.0,72.0,78.0,3284.0,78.0,245.0,10455.0,245.0,161.0,12873.0,161.0,349.0,16381.0,0,28.0,90.0,773.0,15995.0,28542.0,53188.0,80873.0,106438.0,5162.0,7952.0,12656.0,6291.0,7874.0,0,61353.0,52228.0,13233.0,17117.0,8667.0,3284.0,9424.0,10455.0,6769.0,12873.0,10952.0,13834.0,22714.0,20596.0,WOOL_net_receipts,-6104.0,0.0,mixed/small,8
107481825,0,Unknown Mother-Goose,kanno,top10,-1166.0,"[""SMOOTHIE_SHOP"", ""FARMERS_MARKET""]",0.008344923504867872,0,0,139369.0,29030.0,0,0,0,6.0,6.0,5.0,12.0,3.0,3.0,31.0,17.0,113339.0,2.0,2.0,437.0,16551.0,600.0,109.0,5429.0,110.0,86.0,7321.0,86.0,228.0,44617.0,228.0,84.0,12787.0,84.0,169.0,7759.0,169.0,146.0,11838.0,146.0,146.0,21754.0,146.0,194.0,11313.0,0,39.0,626.0,258.0,4837.0,24552.0,53141.0,88289.0,113339.0,138841.0,27336.0,0,0,4,8.0,6.0,3.0,11.0,3.0,7.0,33.0,29.0,114505.0,0.0,0.0,308.0,11715.0,517.0,84.0,4105.0,84.0,0,0,0,249.0,48841.0,249.0,72.0,17117.0,72.0,78.0,3541.0,78.0,245.0,12082.0,245.0,161.0,25634.0,161.0,349.0,15806.0,0,24.0,86.0,770.0,17218.0,32187.0,64471.0,94024.0,114505.0,10857.0,6617.0,5429.0,4105.0,7321.0,0,44617.0,48841.0,12787.0,17117.0,7759.0,3541.0,11838.0,12082.0,21754.0,25634.0,11245.0,13808.0,23268.0,20240.0,MELON_net_receipts,-4330.0,0.0,mixed/small,8
107481825,1,kanno,Unknown Mother-Goose,top10,1166.0,"[""SMOOTHIE_SHOP"", ""FARMERS_MARKET""]",0.008344923504867872,0,0,138841.0,27336.0,0,0,4,8.0,6.0,3.0,11.0,3.0,7.0,33.0,29.0,114505.0,0.0,0.0,308.0,11715.0,517.0,84.0,4105.0,84.0,0,0,0,249.0,48841.0,249.0,72.0,17117.0,72.0,78.0,3541.0,78.0,245.0,12082.0,245.0,161.0,25634.0,161.0,349.0,15806.0,0,24.0,86.0,770.0,17218.0,32187.0,64471.0,94024.0,114505.0,139369.0,29030.0,0,0,0,6.0,6.0,5.0,12.0,3.0,3.0,31.0,17.0,113339.0,2.0,2.0,437.0,16551.0,600.0,109.0,5429.0,110.0,86.0,7321.0,86.0,228.0,44617.0,228.0,84.0,12787.0,84.0,169.0,7759.0,169.0,146.0,11838.0,146.0,146.0,21754.0,146.0,194.0,11313.0,0,39.0,626.0,258.0,4837.0,24552.0,53141.0,88289.0,113339.0,6617.0,10857.0,4105.0,5429.0,0,7321.0,48841.0,44617.0,17117.0,12787.0,3541.0,7759.0,12082.0,11838.0,25634.0,21754.0,13808.0,11245.0,20240.0,23268.0,TOMATO_net_receipts,-7321.0,0.0,mixed/small,9
107483812,1,kanno,Squirrel,top10,881.0,"[""BRUNCH_SPOT"", ""PIZZA_SHOP""]",0.9541029207232267,0,0,133432.0,27649.0,0,0,4,8.0,6.0,3.0,11.0,3.0,7.0,33.0,29.0,108783.0,0.0,0.0,308.0,13221.0,517.0,84.0,2384.0,84.0,0,0,0,249.0,44322.0,249.0,72.0,14267.0,72.0,78.0,4503.0,78.0,245.0,23017.0,245.0,161.0,17401.0,161.0,349.0,14317.0,0,26.0,85.0,801.0,15098.0,31292.0,63360.0,90220.0,108783.0,131815.0,26913.0,2,0,3,8.0,6.0,3.0,11.0,3.0,7.0,33.0,29.0,107902.0,0.0,0.0,287.0,12587.0,517.0,84.0,2291.0,84.0,0,0,0,249.0,44404.0,249.0,72.0,14267.0,72.0,74.0,4285.0,74.0,242.0,22238.0,242.0,161.0,17312.0,161.0,351.0,14431.0,0,20.0,79.0,795.0,14507.0,29527.0,62811.0,89560.0,107902.0,7583.0,7705.0,2384.0,2291.0,0,0,44322.0,44404.0,14267.0,14267.0,4503.0,4285.0,23017.0,22238.0,17401.0,17312.0,12546.0,12640.0,20240.0,20240.0,WHEAT_net_receipts,-122.0,0.0,mixed/small,9
107475872,1,Yusuke Hayashi,kanno,top10,-1653.0,"[""PET_CAFE"", ""BRUNCH_SPOT""]",0.8511821974965229,0,0,103606.0,31304.0,3,0,13,8.0,6.0,3.0,11.0,3.0,7.0,33.0,29.0,75302.0,0.0,0.0,460.0,13988.0,550.0,87.0,4799.0,87.0,0,0,0,237.0,10679.0,245.0,72.0,14267.0,72.0,75.0,3971.0,78.0,218.0,4283.0,218.0,155.0,37279.0,156.0,335.0,14340.0,0,5.0,94.0,782.0,12917.0,22303.0,44503.0,58477.0,75302.0,101471.0,27516.0,0,0,4,8.0,6.0,3.0,11.0,3.0,7.0,33.0,29.0,76955.0,0.0,0.0,308.0,9832.0,517.0,84.0,4644.0,84.0,0,0,0,249.0,10989.0,249.0,72.0,14267.0,72.0,78.0,4134.0,78.0,245.0,4454.0,245.0,161.0,38464.0,161.0,349.0,14687.0,0,52.0,112.0,829.0,14063.0,23599.0,45985.0,60652.0,76955.0,5286.0,4407.0,4799.0,4644.0,0,0,10679.0,10989.0,14267.0,14267.0,3971.0,4134.0,4283.0,4454.0,37279.0,38464.0,12324.0,12836.0,20586.0,20240.0,WOOL_net_receipts,-1185.0,0.0,mixed/small,10
107481608,1,Yusuke Hayashi,supr3mum,top10,877.0,"[""FARMERS_MARKET"", ""SMOOTHIE_SHOP""]",0.780250347705146,0,0,105042.0,30888.0,0,0,4,8.0,6.0,3.0,11.0,3.0,7.0,33.0,29.0,77154.0,0.0,0.0,420.0,15203.0,517.0,84.0,8842.0,84.0,0,0,0,249.0,28962.0,249.0,72.0,14643.0,72.0,78.0,3488.0,78.0,245.0,13974.0,245.0,161.0,5575.0,161.0,350.0,14355.0,0,89.0,148.0,861.0,14845.0,27579.0,48291.0,62283.0,77154.0,105864.0,32587.0,1,0,5,8.0,6.0,3.0,11.0,3.0,7.0,33.0,29.0,76277.0,0.0,0.0,479.0,16935.0,516.0,83.0,8722.0,83.0,0,0,0,249.0,29659.0,249.0,66.0,13385.0,66.0,74.0,3313.0,74.0,244.0,13946.0,244.0,161.0,5506.0,161.0,351.0,14398.0,0,50.0,109.0,800.0,13514.0,26320.0,48684.0,61062.0,76277.0,6342.0,6282.0,8842.0,8722.0,0,0,28962.0,29659.0,14643.0,13385.0,3488.0,3313.0,13974.0,13946.0,5575.0,5506.0,12568.0,12621.0,20240.0,20157.0,STRAWBERRY_net_receipts,-697.0,0.0,mixed/small,10
