episode_id,seat,end,submission,opponent_submission,team,opponent,ours,theirs,margin,result,self_play,opponent_rating,own_rating
107719482,0,2026-09-11T05:36:00.451111300Z,56159253,56159253,Sarthak Sharma ,Sarthak Sharma ,69503,69503,0,T,True,,600
107720627,0,2026-09-11T05:40:21.869416300Z,56159253,55907269,Sarthak Sharma ,Cody Schrank,134885,57210,77675,W,False,635.3515416383191,719.4545924516412
107721582,0,2026-09-11T05:44:36.142846800Z,56159253,55486638,Sarthak Sharma ,Honkazu,99437,26506,72931,W,False,667.1994488344334,813.2928421411963
107722550,1,2026-09-11T05:47:36.853286100Z,56159253,56009553,Sarthak Sharma ,Casper du Jardin Kejser,156447,114813,41634,W,False,790.9417395062673,915.5717362071501
107723524,0,2026-09-11T05:54:11.700929400Z,56159253,56155446,Sarthak Sharma ,Huning Yi,90303,49761,40542,W,False,887.9161161869566,1015.7395554603902
107724501,0,2026-09-11T05:56:39.737298400Z,56159253,56006764,Sarthak Sharma ,Aussie lover,116704,73912,42792,W,False,841.6845331643633,1078.830260514635
107725490,1,2026-09-11T06:00:10.959602Z,56159253,55932338,Sarthak Sharma ,ANUJPUROHIT18,109432,63090,46342,W,False,1198.4205547201477,1225.2591344376156
107726463,1,2026-09-11T06:04:17.188378200Z,56159253,55785606,Sarthak Sharma ,KAKA Minishijie,111368,85224,26144,W,False,1190.5927646362002,1324.0223372017142
107727448,0,2026-09-11T06:10:25.335415500Z,56159253,56148271,Sarthak Sharma ,Dream,145552,117612,27940,W,False,1326.0041486568136,1433.319606847491
107728459,0,2026-09-11T06:11:23.630289500Z,56159253,55897225,Sarthak Sharma ,Jeff Marc E. Cadet,118241,51754,66487,W,False,1203.1135538381309,1484.3807417831142
107729416,1,2026-09-11T06:15:46.037642700Z,56159253,56120340,Sarthak Sharma ,TY0912,138121,119386,18735,W,False,1461.5964074762946,1586.5350333665274
107730391,0,2026-09-11T06:21:35.342025200Z,56159253,56159114,Sarthak Sharma ,Berat Egemen Gök,99177,99708,-531,L,False,1636.2377409052824,1497.334459129429
107731377,0,2026-09-11T06:26:42.650190400Z,56159253,56057930,Sarthak Sharma ,ZhouYongqi,99027,88495,10532,W,False,1661.9961426493962,1642.332487205736
107732391,1,2026-09-11T06:29:48.028141300Z,56159253,56148225,Sarthak Sharma ,Meticulousss,123036,96924,26112,W,False,1518.1562473999486,1698.651796214881
107733384,0,2026-09-11T06:30:57.916225800Z,56159253,56155816,Sarthak Sharma ,CLJY_2026,116689,100360,16329,W,False,1537.800681518158,1739.9910696998018
107734412,0,2026-09-11T06:35:23.464387200Z,56159253,56057803,Sarthak Sharma ,Дворкин Евгений Владимирович,87936,86846,1090,W,False,1764.5758204235942,1807.0071373869725
107734950,1,2026-09-11T06:36:41.372457600Z,56159253,56056467,Sarthak Sharma ,Shiji Zheng,106774,84916,21858,W,False,1741.8298385668768,1848.199093540919
107735450,0,2026-09-11T06:39:42.984176700Z,56159253,56134664,Sarthak Sharma ,成吉思汗,63774,57012,6762,W,False,1914.596771421079,1902.9046011759658
107736467,0,2026-09-11T06:43:15.784180900Z,56159253,56077821,Sarthak Sharma ,Prasad.tgs,89133,79134,9999,W,False,1764.2056700534522,1925.4618957788118
107737091,1,2026-09-11T06:43:19.773286900Z,56159253,56152267,Sarthak Sharma ,tc-al,99518,112980,-13462,L,False,1876.5576021986128,1884.7059572097037
107737470,1,2026-09-11T06:48:51.967891100Z,56159253,56109935,Sarthak Sharma ,coolin666,134361,124608,9753,W,False,1864.8514989907685,1913.518783670763
107738463,0,2026-09-11T06:51:21.741587800Z,56159253,56084472,Sarthak Sharma ,Sophie555,147462,135574,11888,W,False,1871.9109639710455,1937.624230599553
107739447,1,2026-09-11T06:56:50.348666900Z,56159253,56076348,Sarthak Sharma ,Around30,72707,62258,10449,W,False,1999.7505150918769,1968.9746028392385
107740455,0,2026-09-11T07:01:33.267952600Z,56159253,56159134,Sarthak Sharma ,JudyWatermelon,67574,67574,0,T,False,1983.910334489384,1970.6944916481248
107740451,1,2026-09-11T07:01:59.699117500Z,56159253,56095410,Sarthak Sharma ,T Hansda,123406,104579,18827,W,False,1962.6693865465777,1993.3534661372685
107741442,1,2026-09-11T07:02:56.838445100Z,56159253,56144362,Sarthak Sharma ,Fighting Gold,112104,108516,3588,W,False,1901.2985697017662,2008.500410290856
107743161,0,2026-09-11T07:07:00.988021900Z,56159253,56120454,Sarthak Sharma ,Shirabe,122951,105771,17180,W,False,1996.4018253821566,2027.9064599880576
107742454,1,2026-09-11T07:09:20.623663500Z,56159253,56086409,Sarthak Sharma ,Zhao Liying,122034,108933,13101,W,False,1928.719549917957,2040.765342748102
107743445,0,2026-09-11T07:11:58.420672100Z,56159253,56111289,Sarthak Sharma ,Kamma,82329,77270,5059,W,False,2096.885091126704,2062.373778117161
107744460,0,2026-09-11T07:15:26.198340600Z,56159253,56159134,Sarthak Sharma ,JudyWatermelon,96016,96016,0,T,False,2053.6374131258954,2061.620950795364
107745444,1,2026-09-11T07:22:18.464009900Z,56159253,56093667,Sarthak Sharma ,Haramball forever!,95926,95832,94,W,False,2081.265348812288,2079.545096078508
107746426,1,2026-09-11T07:23:24.952917700Z,56159253,56114074,Sarthak Sharma ,Troy_xx,100748,97186,3562,W,False,2110.3705390120513,2097.076555009186
107747432,0,2026-09-11T07:30:11.575942200Z,56159253,56121337,Sarthak Sharma ,Mohammad Alnajdawi,59327,54534,4793,W,False,2093.8150337815323,2111.7911234907865
107748409,0,2026-09-11T07:33:36.738100300Z,56159253,56116776,Sarthak Sharma ,fan2goa1,141868,138443,3425,W,False,2100.0438565438385,2125.3392579849487
107749417,1,2026-09-11T07:37:30.634104600Z,56159253,56159441,Sarthak Sharma ,ibr mo sal,117509,122162,-4653,L,False,2184.352488828488,2114.7992118013735
107750404,1,2026-09-11T07:40:37.239988700Z,56159253,56122764,Sarthak Sharma ,加油,81959,95541,-13582,L,False,2086.393843959076,2100.5327287407767
107751403,0,2026-09-11T07:45:08.203145Z,56159253,56104098,Sarthak Sharma ,Albert Wang,95071,89900,5171,W,False,2057.358432610415,2111.019132487848
107752393,0,2026-09-11T07:48:40.461657Z,56159253,56129805,Sarthak Sharma ,Shuwen(Shawn) Ge,103540,99724,3816,W,False,2090.391771449756,2121.9947996150568
107753387,0,2026-09-11T07:52:17.599055600Z,56159253,56107217,Sarthak Sharma ,Yin Li,126172,122074,4098,W,False,2079.472568990239,2131.684915401698
107754471,0,2026-09-11T07:55:08.159644500Z,56159253,56088602,Sarthak Sharma ,PyJa,110011,104091,5920,W,False,2026.264306423306,2138.849036004017
107755384,1,2026-09-11T08:00:04.322681200Z,56159253,56159101,Sarthak Sharma ,Matsu,90196,87325,2871,W,False,2088.867719378438,2147.4961096524394
107756462,0,2026-09-11T08:05:05.366021300Z,56159253,56148563,Sarthak Sharma ,Mert Bayraktar,117894,117894,0,T,False,2192.7193662474765,2150.115372886852
107757351,0,2026-09-11T08:07:50.780628700Z,56159253,56159101,Sarthak Sharma ,Matsu,89381,85448,3933,W,False,2080.645956609922,2157.8578023993578
107758332,0,2026-09-11T08:14:01.451747Z,56159253,56099271,Sarthak Sharma ,Phi,117954,122418,-4464,L,False,2203.364996722918,2149.4974971398487
107759306,0,2026-09-11T08:17:00.973147400Z,56159253,56116663,Sarthak Sharma ,THUNDER THUNDER,116242,116242,0,T,False,2213.062150361103,2152.9530635131273
107759663,0,2026-09-11T08:17:19.110283800Z,56159253,56148925,Sarthak Sharma ,Ayaan Ghosh,55948,56089,-141,L,False,2124.2307488522624,2142.348979045835
107760310,0,2026-09-11T08:21:35.406092300Z,56159253,56154934,Sarthak Sharma ,Shivam_2212,139080,135833,3247,W,False,2127.397188859018,2151.1072107481136
107761294,1,2026-09-11T08:24:03.275644400Z,56159253,56159807,Sarthak Sharma ,Vishal Kishore,124969,125651,-682,L,False,2121.9298050699513,2141.4203649220212
107762260,0,2026-09-11T08:27:01.751534400Z,56159253,56159346,Sarthak Sharma ,Giord Frank,97082,97647,-565,L,False,2180.2591614113867,2134.021078551771
107762301,1,2026-09-11T08:28:59.858895900Z,56159253,56159807,Sarthak Sharma ,Vishal Kishore,144076,147501,-3425,L,False,2164.4814514032887,2126.6074203118324
107763297,1,2026-09-11T08:32:17.757250Z,56159253,56093782,Sarthak Sharma ,mmwstudy,129018,131109,-2091,L,False,2095.33258644954,2117.454334421953
107764291,1,2026-09-11T08:35:18.750323900Z,56159253,56140256,Sarthak Sharma ,グレイラットルーデウス,34902,111499,-76597,L,False,2170.1850246963277,2110.957076356168
107765282,0,2026-09-11T08:40:03.498159100Z,56159253,56112514,Sarthak Sharma ,ss,89842,85127,4715,W,False,2082.073581017296,2117.9118436191006
107766205,0,2026-09-11T08:43:23.378325100Z,56159253,56160588,Sarthak Sharma ,老乡,63497,68440,-4943,L,False,2097.1778986526206,2110.0273659067107
107766181,0,2026-09-11T08:44:27.549658100Z,56159253,56083484,Sarthak Sharma ,savoelh,92236,89851,2385,W,False,2119.1847886520095,2117.620715194539
107767280,0,2026-09-11T08:50:44.447745500Z,56159253,56152119,Sarthak Sharma ,Giulio Ravasio,80599,73749,6850,W,False,1999.4724402683423,2122.0109259992705
107768272,0,2026-09-11T08:53:18.796781100Z,56159253,56160992,Sarthak Sharma ,beijijun,135965,142979,-7014,L,False,2252.6578363777444,2118.0129093306214
107769326,1,2026-09-11T08:58:01.244805800Z,56159253,56143899,Sarthak Sharma ,yangyiqing6,98459,94200,4259,W,False,2109.472205235434,2124.682593900211
107770251,1,2026-09-11T09:01:07.266629100Z,56159253,56149287,Sarthak Sharma ,LS,135519,135519,0,T,False,2161.9382141393376,2126.1099004802622
107771254,0,2026-09-11T09:03:55.642071100Z,56159253,56157592,Sarthak Sharma ,HananFish,123507,126204,-2697,L,False,2198.252558730223,2121.0551682186883
107772247,0,2026-09-11T09:09:36.114370200Z,56159253,56159410,Sarthak Sharma ,kitchs,93270,93269,1,W,False,2130.801534772917,2127.8266260735377
107773662,0,2026-09-11T09:10:50.396965900Z,56159253,56115114,Sarthak Sharma ,GIN,100493,98213,2280,W,False,2148.9717337364796,2134.743921997419
107773233,0,2026-09-11T09:12:05.900962Z,56159253,56126477,Sarthak Sharma ,Hikaru Umeda,87831,87831,0,T,False,2198.243567507938,2137.0159522994145
107774237,0,2026-09-11T09:18:11.187127900Z,56159253,56159245,Sarthak Sharma ,bhundreds,38020,123040,-85020,L,False,2221.640821879595,2132.562101946254
107775225,1,2026-09-11T09:22:19.515924800Z,56159253,56143687,Sarthak Sharma ,BlueSky_sora,96585,94672,1913,W,False,2106.4789485184656,2138.1263361720303
107776213,1,2026-09-11T09:23:00.640491900Z,56159253,56141406,Sarthak Sharma ,SaiKushal185,110511,110511,0,T,False,2092.690380481967,2136.566245853272
107777209,1,2026-09-11T09:27:42.200884600Z,56159253,56114499,Sarthak Sharma ,Ajay_Rao_43,60664,55785,4879,W,False,2086.3420003986403,2141.5139023886422
107778203,0,2026-09-11T09:33:07.876938200Z,56159253,56159134,Sarthak Sharma ,JudyWatermelon,117510,117510,0,T,False,2109.0712607428713,2140.431733263977
107779199,1,2026-09-11T09:37:01.150759700Z,56159253,56155982,Sarthak Sharma ,way to you,113778,125908,-12130,L,False,2199.001775419232,2135.746569361442
107780196,0,2026-09-11T09:39:48.128770Z,56159253,56143186,Sarthak Sharma ,xinbao,99161,98997,164,W,False,2193.3969503059952,2142.7814328613845
107781200,0,2026-09-11T09:44:04.544967100Z,56159253,56142474,Sarthak Sharma ,Saksham Gupta,108366,108366,0,T,False,2169.9438094050147,2143.658138114287
107781402,0,2026-09-11T09:46:10.240839200Z,56159253,56135208,Sarthak Sharma ,PeterDreamHan,75809,71139,4670,W,False,2084.8636859385388,2148.1445849659144
107782187,1,2026-09-11T09:50:05.028824100Z,56159253,56129043,Sarthak Sharma ,Daniel Harkin,110896,106595,4301,W,False,2108.434309010613,2152.902955799062
107783175,0,2026-09-11T09:52:09.630246800Z,56159253,56125657,Sarthak Sharma ,Ikeda0516,96177,96177,0,T,False,2217.6239998320757,2154.9162034918404
107784173,1,2026-09-11T09:57:12.399559400Z,56159253,56160160,Sarthak Sharma ,infamemconculcemus,120202,127860,-7658,L,False,2153.3666478945743,2149.485163435306
107785406,1,2026-09-11T10:00:04.252604500Z,56159253,56152518,Sarthak Sharma ,안녕하세요이세입니다잘부탁드립니다,75189,75180,9,W,False,2141.5972741136675,2154.652622892142
107785168,1,2026-09-11T10:02:43.313941300Z,56159253,56129444,Sarthak Sharma ,Juan Leiva,82050,82050,0,T,False,2203.439575143369,2156.111639272295
107786169,0,2026-09-11T10:05:39.986368400Z,56159253,56125317,Sarthak Sharma ,Ibar-Aki,132305,132305,0,T,False,2188.848305166029,2157.0899572710578
107787165,0,2026-09-11T10:10:26.127347300Z,56159253,56131378,Sarthak Sharma ,DeeSaa,65536,65611,-75,L,False,2178.385764280698,2152.2750933253324
107788563,1,2026-09-11T10:10:58.562541700Z,56159253,56155982,Sarthak Sharma ,way to you,98506,107362,-8856,L,False,2204.357467675032,2148.0890735828752
107788154,1,2026-09-11T10:14:24.112563300Z,56159253,56138609,Sarthak Sharma ,Meerub Atiq,124447,124447,0,T,False,2212.5513875860174,2149.949072504549
107789155,1,2026-09-11T10:18:02.450851300Z,56159253,56125836,Sarthak Sharma ,kobayasi,140444,138299,2145,W,False,2035.1111309810544,2153.0721732304096
107790301,1,2026-09-11T10:18:42.347953600Z,56159253,56117924,Sarthak Sharma ,Ian lin,107295,106431,864,W,False,2137.980915163546,2157.7563289869254
107790139,1,2026-09-11T10:20:30.484171100Z,56159253,56114942,Sarthak Sharma ,linchenge,109310,103870,5440,W,False,2118.3550395151283,2161.9450039022854
107791164,0,2026-09-11T10:24:42.568843200Z,56159253,56099899,Sarthak Sharma ,Wufang Hong,76710,78143,-1433,L,False,2203.97644082013,2157.8682849950947
107792167,0,2026-09-11T10:29:15.909701400Z,56159253,56152518,Sarthak Sharma ,안녕하세요이세입니다잘부탁드립니다,110480,109683,797,W,False,2144.643860406189,2162.353589345157
107793153,0,2026-09-11T10:35:53.380073600Z,56159253,56143713,Sarthak Sharma ,fufufukakaka,75968,80569,-4601,L,False,2183.0405995828164,2158.0661416932776
107794136,0,2026-09-11T10:36:00.351443200Z,56159253,56124678,Sarthak Sharma ,Bruce Zheng,92722,92722,0,T,False,2191.8040162097673,2158.9488764500375
107795171,0,2026-09-11T10:40:26.465689100Z,56159253,56142932,Sarthak Sharma ,Sumukh M G,114327,108836,5491,W,False,2074.4415276086106,2162.1949904471326
